1,15,여대생,noun,1129
1,120,사건,noun,241
1,41,자살,noun,1057
2,99,반,noun,718
2,18,오후,noun,520
2,86,시,dependent noun,236
3,206,시간,noun,97
3,70,지나다,verb,99
3,18,점심,noun,1008
4,37,평소,noun,822
4,18,여유,noun,888
4,75,가장,adverb,112
5,3,따르릉,adverb,1165
6,50,쉬다,verb,770
6,927,하다,verb,3
7,18,창수,noun,10000
7,16,갑작스럽다,adjective,1104
7,3,배달부,noun,1168
7,10,주문,noun,1076
7,2,구시렁거렸,verb,
7,20,식당,noun,929
8,17,배달,noun,1142
8,160,받다,verb,52
8,50,가방,noun,822
8,4,눈총,noun,1154
8,8,챙기다,verb,850
8,64,주인,noun,693
8,196,하지만,conjunction,254
8,54,잠시,adverb,640
8,28,재빨리,adverb,1079
9,10,귀찮다,adjective,1050
10,131,건,dependent noun,10000
10,338,한,article,27
10,7,여전,noun,1165
10,5,여름,noun,671
10,156,일,noun,31
10,3,힘든,adjective,10000
10,100,지다,verb,930
11,80,머리,noun,303
11,258,들다,verb,94
11,202,때,noun,23
11,3,마비,noun,1069
11,2,철가방,noun,1171
11,118,정도,noun,84
11,4,이곳저곳,noun,1128
11,3,해,noun,581
11,8,오른팔,noun,1163
13,7,감각,noun,808
13,5,아픈,adjective,10000
13,544,것,dependent noun,2
13,263,손,noun,175
13,57,돌아오다,verb,434
13,118,전화,noun,304
13,10,찰나,noun,1153
13,174,그렇다,adjective,35
13,328,오다,verb,39
13,165,안,adverb,48
13,7,팔뚝,noun,1128
13,98,중,dependent noun,61
14,138,속,noun,59
14,2,끓어올랐,verb,10000
14,8,짜증,noun,1055
14,209,앞,noun,76
14,87,없이,adverb,151
15,82,이유,noun,234
15,492,있다,verb,547
15,205,이,article,17
15,144,다른,article,85
15,23,진짜,adverb,900
15,25,사실,adverb,492
15,55,곳,noun,115
15,45,데,dependent noun,67
16,22,주소,noun,1047
16,12,자,exclamation,629
17,39,일,dependent noun,45
17,67,년,dependent noun,24
17,85,어디,pronoun,182
17,4,가늠,noun,1167
17,356,수,dependent noun,7
17,254,보다,verb,16
17,2,이,number,1057
17,271,있다,adjective,5
17,455,보다,auxiliary verb,28
18,5,스쿠터,noun,1161
18,14,손잡이,noun,1122
18,13,쓱,adverb,1145
18,95,잡다,verb,202
18,31,곧장,adverb,1088
18,13,아주머니,noun,994
19,205,가다,adjective,1171
21,5,따갑다,adjective,1115
21,21,쫓다,verb,1023
21,4,햇빛,noun,1036
21,22,여전히,adverb,659
22,676,없다,adjective,10
22,19,관찰,noun,1080
22,11,속도,noun,656
22,356,사람,noun,15
22,47,거리,noun,697
22,4,운전,noun,1059
22,4,느긋하다,adjective,1141
22,38,아,verb,10000
22,60,내다,verb,172
22,15,법,noun,594
23,20,늦다,adjective,769
23,39,빨리,adverb,560
23,109,싶다,auxiliary verb,83
23,84,마음,noun,117
23,831,그,pronoun,13
23,3,경고,noun,1082
24,104,번,dependent noun,108
24,167,다시,adverb,75
24,106,그리고,conjunction,46
24,145,확인,noun,1034
25,2,빌다,verb,1033
25,16,행복,noun,963
26,59,이름,noun,220
26,34,빌라,noun,1163
26,7,익다,verb,1053
26,261,눈,noun,113
27,11,가끔,adverb,798
28,19,시키다,verb,687
28,8,조그맣다,adjective,1028
28,29,뭘,pronoun,10000
28,11,이리,adverb,1070
28,28,많이,adverb,126
29,82,층,noun,599
29,53,탓,noun,784
29,219,집,noun,68
29,5,인,noun,964
29,23,대부분,noun,363
29,13,작다,adjective,282
29,4,가구,noun,1007
30,173,게,dependent noun,10000
30,576,그,article,11
30,11,보통,noun,807
30,3,그릇,noun,982
30,16,따라서,conjunction,259
31,5,드물다,adjective,985
31,277,두,article,62
31,65,이상,noun,162
31,39,경우,noun,66
31,11,매우,adverb,386
32,9,담다,verb,645
32,4,총,article,959
32,4,각각,adverb,603
32,20,배,noun,668
32,79,지금,adverb,154
32,1107,있다,auxiliary verb,4
33,7,이사,noun,1015
34,101,앉다,verb,195
34,92,안,noun,125
34,39,의문,noun,887
34,148,자리,noun,193
34,66,명,dependent noun,71
35,85,사이,noun,155
35,85,보이다,verb,80
35,77,시작,noun,814
35,22,곧이어,adverb,1131
35,69,건물,noun,655
36,19,일찍,adverb,884
36,47,예상,noun,985
36,2,지름길,noun,1147
36,3,바람,dependent noun,979
36,40,도착,noun,1117
36,3,버릇,noun,1048
37,21,세우다,verb,345
39,2,엔,noun,1162
39,3,격렬하다,adjective,1073
39,57,맞다,verb,340
39,2,진음,noun,10000
39,620,않다,auxiliary verb,12
40,53,정문,noun,1098
40,106,꺼내다,verb,592
40,11,들다,auxiliary verb,1049
41,65,조금,adverb,582
41,69,여기,pronoun,146
41,68,기다리다,verb,329
42,9,형,noun,430
42,30,올라가다,verb,527
43,176,들어가다,verb,163
43,81,다,adverb,101
43,181,뒤,noun,103
44,29,호,dependent noun,693
45,21,밟다,verb,957
45,37,계단,noun,938
46,13,왼쪽,noun,888
46,143,문,noun,323
46,32,누르다,verb,843
46,11,초인종,noun,1142
46,58,다가가다,verb,926
46,24,나타나다,verb,183
46,16,개,dependent noun,87
47,10,응답,noun,1114
47,28,아무런,article,713
48,16,두드리다,verb,1007
48,38,났,verb,10000
48,4,고장,noun,1106
49,4,똑똑,adverb,1154
50,15,저기,pronoun,980
52,291,나오다,verb,55
52,274,거,dependent noun,14
53,10,깨다,verb,958
53,6,적막,noun,1156
53,18,섞이다,verb,1008
53,17,분노,noun,994
53,27,한숨,noun,909
54,58,연락,noun,1008
56,27,아무,pronoun,752
56,189,같다,adjective,21
57,14,잠시,noun,926
57,21,놓다,verb,413
57,28,수화기,noun,999
57,2,고용주,noun,1155
58,37,뭔가,pronoun,10000
58,201,소리,noun,91
58,4,뒤적이다,verb,1139
58,89,들리다,verb,594
58,24,곧,adverb,1163
58,17,너머,noun,1019
59,33,이런,article,77
59,9,세,article,313
59,18,가지,dependent noun,120
59,89,하나,number,150
60,19,적다,verb,886
60,19,잘못,adverb,929
60,6,첫째,number,857
61,18,거의,adverb,283
61,85,그러나,conjunction,37
61,74,그런,article,41
62,321,말,noun,29
62,6,둘째,number,870
63,5,음식,noun,597
63,34,먹다,verb,104
63,10,출발,noun,1022
63,7,불다,verb,829
64,13,터지다,auxiliary verb,1163
64,3,계산,noun,939
64,17,적다,adjective,491
64,43,치다,verb,332
64,38,이렇다,adjective,89
64,118,주다,auxiliary verb,26
64,18,미안,noun,1160
64,3,면,noun,483
65,23,돈,noun,186
65,7,이걸,pronoun,10000
66,66,마지막,noun,523
66,13,장난,noun,1072
67,172,생각,noun,70
68,43,적,dependent noun,321
68,64,몇,article,190
68,2,재미,noun,921
68,2,삼다,verb,558
68,187,자신,noun,64
68,11,어리다,verb,1072
69,155,되다,verb,6
69,17,처지,noun,971
69,11,당하다,verb,571
70,2,번지,noun,1127
70,6,동,noun,1126
72,38,당황,noun,1155
72,8,마찬가지,noun,503
73,65,그럼,conjunction,451
73,50,내,pronoun,1150
74,111,들어오다,verb,243
74,65,휴대폰,noun,1144
74,69,번호,noun,918
76,19,이어지다,verb,639
76,52,열리다,verb,330
76,123,입,noun,305
76,16,침묵,noun,941
76,3,잠자코,adverb,1135
76,159,전,noun,123
77,36,어,exclamation,235
78,112,못하다,adjective,1107
78,26,반응,noun,698
78,120,보이다,auxiliary verb,1164
80,18,어느새,adverb,939
81,96,무슨,article,213
81,30,이게,pronoun,10000
82,2,아무래도,adverb,986
82,2,속다,verb,1124
82,32,이,pronoun,30
83,11,딱,adverb,947
84,6,아냐,exclamation,1076
85,33,아까,adverb,819
86,8,틀림없다,adjective,968
87,102,왜,adverb,135
88,62,아,exclamation,255
89,112,나,pronoun,8
89,52,부르다,auxiliary verb,1171
89,116,열다,verb,264
89,3,달래다,verb,1054
89,28,직접,adverb,510
90,132,모르다,verb,60
90,47,혹시,adverb,843
91,57,마치다,verb,745
91,19,무섭다,adjective,715
91,315,그녀,pronoun,72
91,22,끊다,verb,777
92,85,통화,noun,1003
92,81,필요,noun,308
92,8,덧붙이다,verb,940
93,10,쾅,adverb,1138
95,2,두들기다,verb,1100
96,44,전체,noun,391
96,12,실리다,verb,889
96,17,감정,noun,625
96,2,울려퍼지다,verb,1171
96,6,충격음,noun,10000
96,25,나머지,noun,758
97,7,착각,noun,1082
97,2,부수다,verb,1125
100,15,부족,noun,964
100,7,터,dependent noun,382
101,2,달카닥,adverb,1171
102,2,어라,exclamation,1162
103,24,잠기다,verb,968
104,19,의식,noun,416
104,15,문틈,noun,1146
104,8,들여다보다,verb,882
104,128,돌리다,verb,446
105,13,불,noun,573
105,8,오직,adverb,920
105,3,햇살,noun,998
105,25,밝히다,verb,204
105,48,창문,noun,915
105,15,내부,noun,774
106,3,억,exclamation,1165
107,14,냄새,noun,730
108,5,악취,noun,1139
108,11,코,noun,815
108,6,찌르다,verb,1013
109,41,지금,noun,139
110,7,종종,adverb,1047
110,22,뒤편,noun,1128
110,2,음식물,noun,1106
110,40,부탁,noun,1028
110,33,버리다,verb,687
110,5,쓰레기,noun,1032
111,80,차,noun,347
111,4,넘치다,verb,964
111,3,부패,noun,1093
111,3,들르다,verb,1011
111,8,쓰레기통,noun,1128
112,36,정말,adverb,314
112,62,느끼다,verb,130
112,2,났었,verb,10000
112,2,끔찍하다,adjective,1120
112,90,그때,noun,186
112,35,더욱,adverb,295
112,71,지다,auxiliary verb,20
112,23,막다,verb,579
113,95,뭐,pronoun,95
113,6,놔두다,verb,1106
114,3,아예,adverb,837
117,23,시야,noun,1081
117,49,화장실,noun,878
119,110,밖,noun,267
119,10,욕조,noun,1156
119,4,무언가,noun,10000
119,4,거무스름하다,adjective,1166
120,5,얇다,adjective,1078
120,11,선명,noun,10000
120,4,끈,noun,1063
120,34,실,noun,1123
120,6,색,noun,904
120,59,너무,adverb,227
121,4,머리카락,noun,1039
122,5,가느다랗다,adjective,1121
122,48,옮기다,verb,541
122,77,따르다,verb,53
123,3,확장,noun,1087
123,13,동공,noun,1153
123,48,시선,noun,583
124,12,저,exclamation,731
125,2,저게,pronoun,10000
126,10,다다르다,verb,1125
127,3,사,number,1125
128,77,대답,noun,802
128,24,리,dependent noun,972
129,81,그것,pronoun,50
129,7,도저히,adverb,984
129,25,어렵다,adjective,196
129,14,믿다,verb,363
130,9,식은땀,noun,1146
130,63,타다,verb,375
130,33,내리다,verb,239
130,22,온몸,noun,945
131,34,나가다,verb,197
132,38,듣다,verb,106
132,4,도망,noun,1127
132,10,안간힘,noun,1122
132,60,발,noun,551
133,43,움직이다,verb,508
135,2,핸들,noun,1149
135,1666,형사,noun,585
135,37,조심,noun,1149
135,5,꺾다,verb,1026
136,6,여성,noun,189
136,93,피해자,noun,1075
137,3,휴학,noun,1166
137,12,천상,noun,1144
137,18,학기,noun,1067
137,380,학생,noun,248
137,33,학년,noun,509
137,10,대학교,noun,1099
138,81,남다,verb,268
138,27,추측,noun,1135
138,27,사망,noun,1080
138,5,편지,noun,741
139,13,들어서다,verb,548
139,13,승용차,noun,970
139,3,골목길,noun,1129
140,4,마저,adverb,1149
140,2,긁히다,verb,1162
140,33,이야기,noun,205
141,50,살다,verb,69
141,6,본인,noun,989
141,157,더,adverb,44
141,85,발견,noun,1062
141,36,오늘,noun,293
142,3,썩다,verb,1029
142,71,동안,noun,207
143,2,올해,noun,438
143,5,살,dependent noun,462
144,2,보조석,noun,10000
144,28,감다,verb,911
144,22,선배,noun,825
144,17,기대다,verb,1012
144,12,동료,noun,981
145,13,자다,verb,475
146,13,단지,adverb,1170
147,9,이젠,noun,10000
147,6,습관,noun,967
147,21,익숙하다,adjective,977
149,16,반원,noun,1166
149,27,현장,noun,628
149,4,맞이,noun,1171
149,8,감시,noun,1071
150,40,인사,noun,866
150,7,간단히,adverb,1002
152,57,주위,noun,644
152,14,쭉,adverb,1031
152,15,거실,noun,968
152,97,서다,verb,215
152,16,중앙,noun,785
152,16,돌아보다,verb,867
153,6,부엌,noun,973
153,63,방,noun,262
153,3,전형,noun,1142
154,72,모두,adverb,138
154,14,빼다,verb,818
154,23,사다,verb,299
155,63,쪽,dependent noun,229
155,122,채,dependent noun,256
155,2,속하다,verb,761
156,10,좁다,adjective,883
157,16,맡다,verb,559
157,87,좋다,adjective,51
157,27,시체,noun,1043
157,3,썩,adverb,1112
157,20,기분,noun,466
157,9,공간,noun,507
158,55,정보,noun,261
160,49,문제,noun,42
161,22,물,noun,187
161,12,담기다,verb,913
162,7,액체,noun,1086
162,3,검붉다,adjective,1155
162,3,맑다,adjective,817
163,13,인하다,verb,509
163,2,작용,noun,773
163,126,몸,noun,158
165,36,뜨다,verb,844
165,10,표현,noun,502
165,82,위,noun,119
165,15,정확,noun,1161
166,2,살,noun,984
166,8,사체,noun,1166
166,19,붙다,verb,661
166,18,가깝다,verb,1130
166,7,공기,noun,823
166,4,불리다,verb,762
167,12,비우다,verb,1014
167,46,얘기,noun,149
167,69,못,adverb,238
167,81,처음,noun,168
167,10,목격자,noun,1156
167,8,진술,noun,1105
168,7,장갑,noun,1138
169,21,감식,noun,1168
169,26,건네다,verb,1036
170,17,끼다,verb,963
170,11,살펴보다,verb,584
170,4,구석구석,noun,1107
171,6,사인,noun,1136
172,15,추정,noun,1097
172,3,폐,noun,1094
172,2,익사,noun,1166
172,29,차다,verb,751
172,12,상처,noun,901
172,10,팔목,noun,1155
172,10,현재,noun,597
172,7,동맥,noun,1128
173,137,조사,noun,420
173,4,정맥,noun,1161
173,4,비록,adverb,809
173,3,검시관,noun,10000
173,38,부분,noun,312
173,5,끊기다,verb,1052
175,4,떠보다,verb,1161
176,13,오래,adverb,851
176,17,확실히,adverb,1011
177,31,둘러보다,verb,985
177,7,바퀴,dependent noun,1119
178,114,찾다,verb,181
178,80,듯,dependent noun,271
179,55,죽다,verb,199
181,46,좀,adverb,81
182,4,머쓱하다,adjective,1147
183,99,이번,noun,194
183,9,애인,noun,1076
183,3,새로,adverb,780
183,5,사귀다,verb,1004
183,46,걸,dependent noun,10000
183,191,알다,verb,38
184,16,죄송,noun,1171
184,39,여자,noun,79
184,94,친구,noun,200
184,26,잠깐,adverb,941
184,75,사진,noun,456
184,168,고개,noun,348
184,24,숙이다,verb,979
184,52,화면,noun,793
185,68,때문,dependent noun,34
185,25,다르다,adjective,184
185,7,안면,noun,1145
186,52,책상,noun,854
188,24,적히다,verb,1069
188,11,유언장,noun,1171
188,42,종이,noun,850
189,4,삶,noun,226
189,30,읽다,verb,233
190,319,남자,noun,155
190,32,가족,noun,284
190,18,떠나다,verb,361
191,3,산더미,noun,1147
192,65,내용,noun,176
192,38,점점,adverb,709
192,26,존재,noun,499
192,38,가다,auxiliary verb,137
192,13,잊다,verb,683
193,15,굉장히,adverb,710
194,5,명문,noun,1143
194,3,솜씨,noun,1050
194,3,글,noun,291
194,13,대,dependent noun,516
194,47,다니다,verb,319
195,23,같이,adverb,203
195,75,목소리,noun,401
195,48,어깨,noun,695
197,3,필적,noun,1168
198,9,비교,noun,1030
198,13,상당히,adverb,787
198,10,흡사,adverb,1128
200,126,네,exclamation,228
202,175,되다,adjective,1171
202,87,잘,adverb,90
202,24,정리,noun,972
203,11,이러다,verb,814
203,14,원래,adverb,1171
203,33,상태,noun,247
204,21,저희,pronoun,638
205,5,청소,noun,1037
206,101,아직,adverb,198
206,9,짓다,verb,242
207,51,바로,adverb,160
207,28,웃다,verb,272
207,2,싱긋,adverb,1153
208,18,미소,noun,810
208,6,상대방,noun,875
208,11,건드리다,verb,1074
209,3,유용,noun,1168
209,6,인터뷰,noun,1017
211,16,지문,noun,1156
211,10,쌓이다,verb,870
211,3,발자국,noun,1078
211,55,등,dependent noun,19
212,3,미루다,verb,972
212,15,판단,noun,762
213,5,타살,noun,1159
214,13,깔끔,noun,1170
214,59,대화,noun,533
215,10,책장,noun,1152
215,55,책,noun,214
215,18,침대,noun,825
215,2,시트,noun,1149
216,11,공책,noun,1138
216,91,쓰다,verb,171
217,46,공부,noun,493
217,10,열심히,adverb,684
218,2,빽빽하다,adjective,1154
218,6,메모,noun,1138
219,3,여백,noun,1145
219,35,설명,noun,767
219,4,채워져,verb,10000
219,5,세세,noun,1169
219,5,기본,noun,589
219,5,추가,noun,991
220,74,옆,noun,395
220,21,대학,noun,258
220,17,집다,verb,948
220,3,제자리,noun,1093
220,42,넣다,verb,376
220,15,교재,noun,1131
221,20,꽤,adverb,925
221,12,실제로,adverb,644
221,4,낡다,adjective,935
222,6,정반대,noun,1121
223,7,메우다,verb,1058
223,5,글씨,noun,1058
223,9,찾아보다,verb,808
224,4,줄,noun,828
224,4,문장,noun,750
224,52,뿐,dependent noun,167
224,2,간간이,adverb,1130
224,22,밑,noun,553
225,2,필기,noun,1169
226,9,이성,noun,989
227,67,또,adverb,1168
228,3,이것저것,noun,1096
228,2,화장대,noun,1156
229,45,의심,noun,1054
230,63,일단,adverb,567
231,6,화장품,noun,1089
231,4,별로,adverb,657
231,36,만,dependent noun,678
232,86,만나다,verb,170
232,8,최소,noun,1141
232,6,요즘,noun,472
232,11,전,article,615
234,79,관하다,verb,292
235,3,조카,noun,1074
235,3,또래,noun,1103
236,5,양,dependent noun,911
236,7,그나마,adverb,1011
236,3,일자,noun,1095
236,3,턱없이,adverb,1148
236,9,비하다,verb,462
237,9,텐데,dependent noun,10000
237,7,아마,adverb,735
237,3,팔다,verb,603
237,7,중고,noun,1149
238,10,옷장,noun,1138
239,4,대조,noun,1138
239,4,사뭇,adverb,1119
240,2,단조,noun,1171
240,43,옷,noun,406
241,11,절대,adverb,1011
241,44,제,noun,1167
242,8,이틀,noun,975
242,13,하루,noun,398
242,58,날,noun,159
242,44,다음,noun,98
242,3,버티다,verb,991
242,44,떨어지다,verb,276
243,127,향하다,verb,392
243,19,현관문,noun,1120
243,17,닫다,verb,953
244,2,감,noun,1111
244,12,대로,dependent noun,540
244,3,끌리다,verb,1092
244,4,방식,noun,402
245,3,신발장,noun,1170
245,8,양손,noun,1133
246,11,마무리,noun,1077
246,11,신발,noun,998
247,2,힘차다,adjective,1085
248,50,역시,conjunction,858
248,12,내용물,noun,1161
248,2,초라하다,adjective,1094
249,9,하이힐,noun,1150
249,3,고작,adverb,1079
249,2,흔하다,adjective,1041
249,4,운동화,noun,1143
249,5,흔한,adjective,10000
250,6,외모,noun,1092
250,38,신경,noun,506
252,2,농담,noun,1048
252,3,유서,noun,1158
253,5,손짓,noun,1125
254,12,남,noun,350
255,21,알아차리다,verb,1105
255,44,다가오다,verb,681
255,25,그제야,adverb,1090
256,13,첫,article,469
256,3,배달원,noun,1165
260,49,그게,pronoun,10000
261,10,단순,noun,1097
262,24,말투,noun,1068
265,10,연락처,noun,1154
267,12,아무리,adverb,587
268,7,신원,noun,1143
268,20,조회,noun,1154
270,25,알리다,verb,274
271,2,엎드리다,verb,1053
271,52,바닥,noun,780
271,26,훑어보다,verb,1118
272,45,많다,adjective,43
272,12,호기심,noun,982
272,44,행동,noun,379
272,3,산만하다,adjective,1155
272,19,덩치,noun,1121
272,6,초등학생,noun,1136
273,76,모습,noun,147
273,3,어른,noun,737
273,5,탐탁하다,adjective,1156
274,67,어떻다,adjective,82
274,13,자체,noun,322
274,21,관심,noun,286
274,16,궁금,noun,1167
275,59,나가다,auxiliary verb,338
275,28,갑자기,adverb,459
277,14,관계,noun,143
277,8,꼭,adverb,405
278,75,후,noun,141
278,34,얼마,noun,425
278,15,계약,noun,971
279,3,부축,noun,1157
279,73,물다,verb,914
279,2,다치다,verb,1037
279,48,다리,noun,704
280,49,걸리다,verb,350
280,13,넘어지다,verb,1059
280,13,오르다,verb,336
281,2,아이고,exclamation,1030
281,38,그러다,verb,73
282,19,간단하다,adjective,899
282,6,가까이,noun,1082
282,40,먼저,adverb,297
282,4,본론,noun,1142
282,2,현관,noun,1066
282,13,소개,noun,1079
283,6,낌새,noun,1152
283,20,못하다,auxiliary verb,49
283,5,눈치채,verb,10000
284,20,어쩌다,verb,635
284,21,줄,dependent noun,343
284,12,몰랐,verb,10000
285,16,닦다,verb,812
285,216,얼굴,noun,136
285,31,긴장,noun,946
285,17,땀,noun,908
285,19,흐르다,verb,477
286,17,개월,dependent noun,648
286,24,그대로,adverb,328
286,3,치,noun,1162
287,6,함부로,adverb,1041
287,18,가져가다,verb,1050
287,3,세입자,noun,1159
288,12,그런데,conjunction,166
289,12,슬쩍,adverb,1111
290,2,창백,noun,1170
290,6,피부,noun,936
290,8,떨다,verb,819
291,5,따뜻,noun,1170
291,10,감싸다,verb,1035
291,30,쥐다,verb,878
292,17,서서히,adverb,991
292,24,흔들리다,verb,943
292,59,멈추다,verb,708
293,14,계속,noun,1140
293,69,질문,noun,689
294,2,계약금,noun,1147
294,37,저,article,417
296,10,눈동자,noun,1067
297,26,어떤,article,63
297,14,말다,verb,561
298,3,얹다,verb,1081
298,2,현찰,noun,1168
298,8,아빠,noun,668
298,99,주다,verb,100
299,5,냅다,adverb,1152
301,44,눈빛,noun,892
301,3,또렷하다,adjective,1147
302,12,얼마나,adverb,331
305,3,반년,noun,1156
306,3,지그시,adverb,1124
307,3,인상착의,noun,1171
307,14,기억나다,verb,1127
308,23,키,noun,870
308,2,훤칠하다,adjective,1161
308,2,반반,noun,1163
309,102,사내,noun,630
309,21,현재,adverb,348
309,4,포함,noun,1107
310,117,상황,noun,224
310,12,도움,noun,572
310,9,무리,noun,1037
310,8,요청,noun,1026
310,27,여기다,verb,517
311,16,경찰서,noun,1012
311,12,내일,adverb,1024
311,36,우리,pronoun,22
312,44,놀라다,verb,476
312,32,나다,verb,118
313,76,함께,adverb,105
313,4,다정,noun,1170
314,3,몫,noun,997
314,17,항상,adverb,574
315,3,한다는,auxiliary verb,10000
315,14,싫다,adjective,610
315,13,길다,adjective,420
316,2,더더욱,adverb,1129
316,4,쓸데없다,adjective,1099
317,19,떠오르다,verb,654
317,15,두다,auxiliary verb,381
317,10,차분히,adverb,1147
318,9,그리다,verb,424
318,14,몽타주,noun,1161
320,41,아침,noun,412
320,1031,모,noun,1146
320,4,식사,noun,866
321,103,위하다,verb,33
321,15,등교,noun,1165
321,10,활짝,adverb,1079
321,35,준비,noun,696
323,125,교복,noun,1103
323,2,정렬,noun,10000
323,2,다려진,verb,
324,13,새,article,440
324,86,모든,article,109
325,3,셔츠,noun,1135
325,16,왼손,noun,1106
325,42,뻗다,verb,994
326,7,서랍,noun,1104
326,18,채우다,verb,870
326,7,소매,noun,1104
326,2,단추,noun,1129
326,55,올리다,verb,409
326,7,바지,noun,992
326,45,놓다,auxiliary verb,142
327,3,하얗다,adjective,812
327,2,회사원,noun,1150
327,39,입다,verb,339
328,3,겠다,auxiliary verb,10000
329,3,발목,noun,1095
329,13,드러내다,verb,727
329,5,훤히,adverb,1136
330,2,겨울,noun,712
330,21,크다,verb,1046
330,3,훌쩍,adverb,1128
331,3,벨트,noun,1145
331,24,살짝,adverb,1074
331,7,조이다,verb,1124
331,3,느슨하다,adjective,1132
332,15,일,number,1067
332,11,겉옷,noun,1153
332,13,부르다,verb,212
332,10,방문,noun,959
333,9,달다,verb,946
333,2,착용,noun,1161
333,229,학교,noun,217
333,4,배지,noun,1160
333,15,가슴,noun,365
334,16,단어,noun,917
334,63,천하,noun,1088
334,2,天下,noun,
335,17,틀다,verb,1001
336,21,뉴스,noun,524
337,20,나서다,verb,383
337,17,시계,noun,881
337,106,끝,noun,312
338,7,다녀오다,verb,988
339,19,골목,noun,987
339,53,걸다,verb,613
340,4,쌀,noun,834
340,9,바깥,noun,1016
341,14,걸치다,verb,607
342,6,띠다,verb,866
342,50,걸음,noun,887
342,2,입가,noun,1110
343,2,도보,noun,1166
343,13,버스,noun,791
343,127,분,dependent noun,335
343,36,땐,noun,10000
344,6,싸우다,verb,796
345,6,제외,noun,1154
345,18,굳이,adverb,970
346,51,길,noun,191
346,69,큰,adjective,10000
346,7,펼쳐지다,verb,1171
347,12,두다,verb,240
347,5,깔리다,verb,1003
347,3,도로,noun,859
348,23,고등학교,noun,823
348,40,걸어가다,verb,912
350,28,정상,noun,968
350,14,초등,noun,1141
350,89,가다,verb,32
350,2,길목,noun,1127
350,3,사립,noun,1154
351,2,천지,noun,1061
351,9,고등학생,noun,1111
352,19,지나가다,verb,628
352,37,벌다,verb,868
352,4,마침,adverb,1001
353,20,어제,adverb,1004
353,17,야,exclamation,677
353,2,뽀,adverb,10000
354,2,숙제,noun,997
355,27,걷다,verb,531
355,7,떠들다,verb,1005
356,31,떼다,verb,816
356,9,이루다,verb,288
356,2,전선,noun,1109
356,4,조화,noun,999
356,6,꼬마,noun,1089
358,2,차지,noun,1135
359,2,중얼거리다,verb,971
359,5,하나같이,adverb,1129
359,7,영어,noun,755
360,2,너덜너덜,adverb,10000
360,375,모의,noun,1162
361,6,어젯밤,noun,1099
361,2,노트,noun,1121
362,23,벽,noun,685
362,9,멀리,adverb,813
362,20,쓰이다,verb,579
362,7,훑다,verb,1132
362,26,등,noun,693
362,5,글자,noun,977
362,2,학,noun,1145
363,82,고교,noun,1091
364,11,왼편,noun,1146
364,3,나뉘다,verb,1046
364,31,자동차,noun,451
364,4,쪽문,noun,1170
364,4,대문,noun,1014
364,6,드나들다,verb,1092
365,3,퇴근,noun,1120
365,180,선생,noun,486
366,17,끝내다,verb,867
366,30,자습,noun,1169
366,21,저녁,noun,606
366,25,하교,noun,1166
367,113,교실,noun,888
367,53,그렇게,adverb,1171
369,6,부딪히다,verb,1093
369,50,누군가,pronoun,10000
369,44,복도,noun,969
370,31,피하다,verb,608
371,32,마주치다,verb,1009
371,3,태반,noun,1156
372,8,끼익,adverb,1160
373,4,여니,noun,10000
374,3,외우다,verb,1071
374,12,수학,noun,1039
374,12,풀다,verb,519
375,13,맨,article,962
375,8,가운데,noun,263
375,3,앞자리,noun,1148
375,11,덮다,verb,964
376,39,오늘,adverb,445
376,9,교과서,noun,1091
378,19,펼치다,verb,834
378,2,시간표,noun,1158
378,7,순서,noun,979
379,5,언제나,adverb,638
379,5,과목,noun,1056
379,15,그날,noun,555
380,3,과정,noun,177
380,28,시간,dependent noun,495
380,39,수업,noun,843
380,84,이미,adverb,231
381,23,뻔,dependent noun,1169
381,2,휴,exclamation,1160
381,4,하마터면,adverb,1146
382,65,우민,noun,1170
382,18,남기다,verb,640
382,2,짝,noun,988
383,49,범,noun,1143
383,14,유일,noun,1146
383,23,아이,noun,134
384,3,헉헉거리다,verb,1170
384,2,보약,noun,1025
384,5,싸다,adjective,1017
385,5,들이밀다,verb,1144
385,2,약,noun,857
386,8,향,noun,1074
386,3,흘러들다,verb,1137
392,4,겸,dependent noun,1077
392,2,보충,noun,1081
392,6,수험,noun,1160
394,42,넘다,verb,421
394,54,담임,noun,1077
395,27,서로,adverb,294
396,19,전하다,verb,418
396,33,교내,noun,1147
396,4,행사,noun,707
396,20,소식,noun,833
397,4,일정,noun,992
397,13,특별,noun,811
398,39,지,dependent noun,694
398,23,분위기,noun,448
399,8,교시,dependent noun,1152
399,46,끝나다,verb,348
400,24,중심,noun,333
400,40,돌아가다,verb,442
401,3,우등,noun,1168
402,23,어느,article,140
402,55,시험,noun,717
402,15,성적,noun,1053
405,2,약,article,542
406,494,은애,noun,10000
406,22,여학생,noun,940
407,2,판도,noun,1152
407,12,작년,noun,773
407,2,순위,noun,1064
408,2,군데군데,adverb,1142
408,11,성적표,noun,1159
409,54,전학,noun,1154
411,5,등수,noun,1171
411,17,내려가다,verb,764
412,6,경쟁,noun,600
412,7,예,noun,371
412,3,밀리다,verb,1075
412,2,매번,adverb,1126
412,3,만년,noun,1163
412,28,얻다,verb,270
413,4,본격,noun,1086
414,18,전혀,adverb,403
414,12,뒤지다,verb,1065
415,3,노릇,noun,968
415,6,잘못,noun,865
416,2,떠드,verb,10000
416,3,표출,noun,1158
417,33,조용히,adverb,971
418,18,한마디,noun,664
418,12,순식간,noun,1082
418,12,고요,noun,1141
418,12,범,dependent noun,1169
419,7,자유,noun,531
420,11,내내,adverb,982
420,17,유지,noun,948
421,8,조용하다,adjective,998
422,2,조성,noun,1049
422,4,최상위,noun,1170
422,21,자연,noun,395
422,44,점,noun,113
422,7,역할,noun,357
422,3,배치,noun,1117
423,44,만들다,verb,57
423,4,엄숙,noun,1171
424,22,천하다,adjective,1157
424,4,갓,adverb,1100
424,10,입학,noun,1070
425,11,야구,noun,992
426,12,틈,noun,930
426,3,괴롭히다,verb,1067
426,12,운동,noun,163
426,10,부원,noun,1170
426,3,시끄럽다,adjective,1066
426,7,대다,auxiliary verb,573
426,8,몇몇,article,974
427,2,미련,noun,1118
428,5,놀다,verb,529
428,5,찾아다니다,verb,1104
428,10,돌아다니다,verb,1042
428,116,애,noun,367
429,4,팀,noun,481
429,2,일과,noun,1121
429,5,장난치다,verb,1154
429,2,겁주다,verb,1169
429,4,만만하다,adjective,1071
429,2,구성,noun,750
431,2,먹잇감,noun,1170
431,22,알아보다,verb,706
431,6,무렵,dependent noun,830
431,6,패거리,noun,1119
433,7,이,exclamation,974
434,6,대표,noun,494
434,35,네,pronoun,10000
434,4,입학식,noun,1156
435,4,제일,noun,656
436,103,사실,noun,122
436,2,조롱,noun,1163
436,3,연설,noun,1073
437,32,집중,noun,979
437,14,척,dependent noun,1082
439,37,뭐,exclamation,251
440,2,키득대,verb,
440,22,무시,noun,1153
440,6,비웃다,verb,1099
441,2,후려치다,verb,1144
441,7,뒤통수,noun,1127
441,12,강하다,adjective,446
441,8,무안,noun,1169
443,15,공격,noun,930
443,12,펜,noun,1129
444,77,일어나다,verb,210
444,75,쳐다보다,verb,716
444,35,천천히,adverb,803
444,15,돌아서다,verb,913
445,18,만큼,dependent noun,423
445,7,멍하니,adverb,1078
445,3,올려다보다,verb,1052
445,3,때리다,verb,934
447,4,정색,noun,1160
447,18,대다,verb,688
447,12,노려보다,verb,1062
449,6,건데,dependent noun,10000
451,22,오른손,noun,1097
451,4,시늉,noun,1092
452,3,채,adverb,1039
453,6,가격,noun,626
453,23,빠르다,adjective,534
454,37,잃다,verb,535
454,65,정신,noun,337
454,7,방,dependent noun,1138
454,15,주먹,noun,947
455,14,취하다,verb,730
455,34,쓰러지다,verb,923
455,35,상대,noun,657
455,30,자세,noun,643
457,8,새끼,noun,852
458,4,일제히,adverb,1096
458,10,흥분,noun,1052
458,3,돌진,noun,1169
459,36,동시,noun,485
459,12,이동,noun,930
459,5,기세,noun,1112
459,31,방법,noun,174
460,4,꼴,noun,920
460,54,결국,noun,315
460,2,달려드,verb,10000
461,5,불행,noun,1063
461,19,다행,noun,1056
462,9,날리다,verb,989
462,5,오른발,noun,1152
463,4,히,adverb,1170
463,7,예,exclamation,161
465,2,사전,noun,979
465,7,비명,noun,1028
466,7,기미,noun,1105
466,9,옆구리,noun,1129
466,5,일어서다,verb,931
466,4,깊숙이,adverb,1090
467,3,달려오다,verb,1029
467,38,등장,noun,1033
468,2,주춤,adverb,1164
468,25,놓치다,verb,996
469,8,허벅지,noun,1126
469,7,턱,noun,1057
469,4,차례차례,adverb,1159
469,2,왼발,noun,1153
469,4,꽂다,verb,1050
469,24,정확히,adverb,980
470,5,묵직하다,adjective,1151
471,3,으윽,exclamation,10000
472,8,기절,noun,1168
473,4,용기,noun,934
473,2,쫓아내다,verb,1143
473,13,다만,conjunction,659
473,8,두려움,noun,1041
474,41,교무실,noun,1108
475,2,처벌,noun,1065
475,2,시비,noun,1050
475,4,증언,noun,1021
475,8,고려,noun,1133
477,6,걔,pronoun,10000
477,6,이기다,verb,788
479,3,어쩐지,adverb,1072
480,5,와,exclamation,1115
480,2,싸움,noun,841
481,2,부럽다,adjective,1071
482,24,소문,noun,942
482,15,퍼지다,verb,931
483,8,달라지다,verb,727
483,66,바라보다,verb,309
483,3,불량,noun,1105
484,6,내심,noun,1096
484,10,기대,noun,788
484,10,일반,noun,561
485,45,결과,noun,223
486,2,비행,noun,1099
486,12,피곤,noun,1141
486,24,생기다,auxiliary verb,1163
486,2,언젠가,adverb,995
487,36,그래서,conjunction,128
487,12,이용,noun,910
488,17,빌리다,verb,923
488,25,대신,noun,583
488,3,범위,noun,933
488,21,우선,adverb,443
488,2,요약,noun,1148
488,15,과제,noun,716
489,10,학습,noun,756
489,18,덕분,noun,1008
490,3,치르다,verb,832
490,2,대가,noun,1050
493,5,메시지,noun,1031
493,17,처리,noun,805
493,6,방해,noun,1104
493,24,보내다,verb,266
494,3,뒤다,verb,1171
494,6,일종,noun,918
495,9,소란,noun,1130
495,2,관여,noun,1166
495,25,모도,noun,10000
502,14,아래,noun,401
503,38,듯이,dependent noun,720
503,2,쥐,noun,1072
504,5,딩동댕,adverb,10000
505,5,의무,noun,991
505,9,자율,noun,1074
505,6,종례,noun,1166
506,5,당일,noun,1136
507,11,뒷자리,noun,1153
507,2,마음대로,adverb,1060
507,4,좌석,noun,1051
510,51,누구,pronoun,114
510,7,감히,adverb,1063
510,2,탐내다,verb,1159
513,12,공사,noun,872
513,6,각,article,390
513,3,급식,noun,1142
514,18,이후,noun,245
515,12,휴식,noun,1066
516,2,잡담,noun,1147
516,14,출입,noun,1101
517,16,물론,adverb,285
518,17,벗어나다,verb,568
518,8,위해선,verb,10000
519,2,출결,noun,1171
519,11,체크,noun,1158
519,3,더기,noun,10000
520,2,측면,noun,734
521,7,학생증,noun,1161
521,5,갖다,verb,148
521,3,리더,noun,1155
521,9,모니터,noun,1067
522,7,저장,noun,1128
522,12,컴퓨터,noun,346
523,9,기,noun,848
523,12,찍다,verb,733
524,3,사례,noun,855
525,2,모조품,noun,10000
526,2,효과,noun,444
526,12,시도,noun,1062
528,13,샤워,noun,1128
530,6,씻다,verb,897
530,4,즐기다,verb,617
530,2,상쾌하다,adjective,1137
531,8,털다,verb,954
531,6,물기,noun,1090
532,9,마르다,verb,947
533,4,대통령,noun,196
533,51,관련,noun,397
533,8,채널,noun,1011
533,12,선거,noun,360
534,4,앵커,noun,1146
534,6,청렴,noun,1169
534,6,보도,noun,821
535,2,영향,noun,478
535,3,정당,noun,835
536,11,직,noun,1153
536,35,후보,noun,759
536,9,대선,noun,1003
536,9,오강,noun,
536,6,의원,noun,359
537,3,정치,noun,179
538,37,저,pronoun,56
538,13,꿈,noun,435
539,3,내딛다,verb,1148
539,3,나다,adjective,1171
539,2,정치인,noun,1001
539,13,발짝,dependent noun,1126
539,82,이제,adverb,201
540,56,힘,noun,216
543,75,오,number,1096
543,6,줄줄이,adverb,1144
543,7,프로필,noun,1162
543,14,때마침,adverb,1144
543,51,강직,noun,1167
544,18,아버지,noun,156
544,4,최고,noun,473
544,3,국회의원,noun,960
544,3,학과,noun,1062
544,2,할아버지,noun,699
544,2,전공,noun,1075
545,2,흠,noun,1124
545,2,키우다,verb,805
545,4,과거,noun,489
546,2,캐다,verb,1112
546,6,약점,noun,1114
546,3,비롯,noun,1171
546,11,애쓰다,verb,905
546,13,수고,noun,1123
547,4,군,noun,871
548,6,결혼,noun,549
549,21,아내,noun,355
549,2,이혼녀,noun,1154
550,12,나이,noun,427
550,13,젊다,adjective,486
550,39,고민,noun,897
551,21,딸,noun,612
551,5,놀랍다,adjective,936
551,11,차례,noun,611
551,8,단,article,877
551,3,받아들이다,verb,558
552,15,당연히,adverb,980
552,30,대하다,verb,25
552,24,높다,adjective,225
552,7,유명,noun,1091
552,3,도,noun,998
552,3,지지,noun,1021
552,3,지지율,noun,1163
553,2,초래,noun,1169
553,3,뒷조사,noun,1164
553,3,언론사,noun,1130
553,2,여론,noun,864
553,2,퇴사,noun,1171
554,2,마,auxiliary verb,10000
554,3,당선,noun,1083
555,12,끌다,verb,548
555,3,문구,noun,1128
555,3,뜨겁다,adjective,857
556,3,비관,noun,1166
556,3,생계,noun,1088
559,4,저렇다,adjective,1004
560,2,한심,noun,1170
561,19,자기,pronoun,107
561,40,아니,exclamation,623
562,74,기자,noun,206
563,11,쏟아지다,verb,861
563,2,책임,noun,588
563,2,걷잡다,verb,1129
564,2,액셀,noun,1171
565,16,어둡다,adjective,766
568,8,뚫다,verb,1000
568,5,자정,noun,1112
568,33,밤,noun,280
569,9,옆집,noun,1120
572,11,인상,noun,930
572,20,오히려,adverb,394
572,3,찡그리다,verb,1131
573,17,언제,pronoun,837
573,16,진행,noun,939
573,34,수사,noun,750
575,26,걱정,noun,724
575,9,즈음,dependent noun,1111
575,9,생활,noun,185
575,22,말다,auxiliary verb,129
576,9,만남,noun,915
578,15,찾아가다,verb,831
578,46,아무,article,627
579,13,겨우,adverb,834
579,49,통하다,verb,88
580,25,음성,noun,948
580,8,뚜렷,noun,1170
580,4,사서함,noun,1166
581,4,이제야,adverb,1114
583,6,테이프,noun,1074
584,2,쿵쿵,adverb,1161
585,4,안쪽,noun,1077
585,30,발소리,noun,1148
586,14,마치,adverb,460
586,4,오랜,article,886
587,13,안녕,noun,1158
589,17,드리다,verb,797
590,20,부부,noun,688
591,7,집안,noun,824
591,8,향기,noun,972
591,5,곳곳,noun,1006
592,16,노력,noun,522
592,4,바쁜,adjective,10000
592,28,느껴졌,verb,10000
592,8,와중,noun,1112
593,42,가득,adverb,786
593,12,과일,noun,999
594,66,표정,noun,374
594,8,칭찬,noun,1101
594,7,만족,noun,1102
595,3,그죠,exclamation,10000
596,8,오렌지,noun,1144
598,2,해서요,verb,10000
599,12,희미하다,adjective,1046
601,7,내뿜다,verb,1113
603,8,안내,noun,1066
603,3,갈피,noun,1150
604,9,크기,noun,788
605,3,구별,noun,1110
605,19,따로,adverb,891
605,15,달리,adverb,602
606,2,몰라서,verb,10000
606,7,제대로,adverb,497
607,9,사과,noun,1060
607,7,남편,noun,326
607,2,깎다,verb,1006
608,6,온갖,article,926
608,19,놓이다,verb,691
608,4,식탁,noun,1031
610,4,맛있다,adjective,979
611,22,초,dependent noun,723
611,3,포크,noun,1150
612,5,주고받다,verb,1015
612,5,후배,noun,1024
613,2,레스토랑,noun,1103
614,3,정오,noun,1137
614,36,둘,number,566
616,3,소원,noun,1067
617,106,경찰,noun,644
618,5,골똘히,adverb,1150
618,30,끄덕이다,verb,958
621,18,나다,auxiliary verb,374
621,16,달,dependent noun,540
622,10,자주,adverb,680
623,18,외,dependent noun,629
624,21,흔들다,verb,793
624,2,절레절레,adverb,1162
625,2,부끄럽다,adjective,1006
625,4,이웃,noun,817
626,22,내려놓다,verb,999
628,14,달,noun,697
628,2,놨,verb,10000
628,2,요새,noun,1070
629,27,괜찮다,adjective,710
631,24,나누다,verb,289
633,4,튕기다,verb,1146
633,29,손가락,noun,844
634,2,극,noun,1085
634,6,셋,number,1059
636,2,탐정,noun,1153
636,6,영화,noun,173
637,6,석,article,1095
638,15,우편함,noun,1166
639,36,근데,conjunction,371
640,11,속삭이다,verb,1109
640,30,누가,pronoun,10000
641,2,전이,noun,1163
643,33,범인,noun,1070
644,13,걸까,dependent noun,10000
647,19,위치,noun,750
649,15,아니면,conjunction,10000
651,13,새벽,noun,798
654,9,밝다,adjective,726
655,2,밝혀진,verb,10000
655,25,그건,pronoun,10000
659,5,모자,noun,1025
662,2,요,article,1093
663,3,제스처,noun,1157
664,3,부인,noun,773
666,6,대충,adverb,1037
666,3,내외,noun,1108
667,4,어땠,adjective,10000
667,4,체형,noun,1151
669,9,아니요,exclamation,1101
670,3,살집,noun,1169
671,16,중간,noun,888
672,10,안경,noun,994
675,52,기억,noun,627
676,22,게,dependent noun,10000
676,10,정면,noun,1057
679,8,특징,noun,643
681,11,자세히,adverb,988
682,8,마디,dependent noun,1169
682,7,새롭다,adjective,157
683,19,그곳,pronoun,607
683,13,즉시,noun,1038
684,4,작별,noun,1147
685,3,부스럭부스럭,adverb,
686,65,봉투,noun,1045
688,7,그나저나,adverb,1143
688,6,대단하다,adjective,965
692,53,주차장,noun,1093
694,44,가능,noun,1125
696,7,방금,adverb,1091
697,10,생기다,verb,257
698,5,조수석,noun,1166
699,17,참다,verb,706
699,4,몰려오다,verb,1082
699,13,기다,adjective,1171
699,10,운전석,noun,1151
699,3,하품,noun,1144
701,2,중학교,noun,910
701,4,학원,noun,1051
703,2,이곳,pronoun,526
704,29,근처,noun,931
705,3,한몫,noun,1143
705,2,기업,noun,265
705,2,진학률,noun,1171
706,32,주변,noun,618
707,28,게다가,adverb,890
707,3,된다는,verb,10000
707,4,평범,noun,1167
707,5,꾸다,verb,1022
708,14,학교장,noun,1166
708,53,추천서,noun,1170
709,4,추천,noun,1117
709,18,교장,noun,957
710,19,이것,pronoun,165
710,18,의미,noun,208
711,13,또한,conjunction,573
711,18,쉽다,adjective,249
712,3,과,noun,1062
712,9,낮다,adjective,606
712,5,지원,noun,592
713,2,합격,noun,1125
714,9,불과,adverb,1035
716,2,모임,noun,789
716,4,사회,noun,47
716,4,끼치다,verb,991
717,12,성공,noun,935
717,21,셈,dependent noun,685
718,14,가지다,auxiliary verb,362
718,3,목표,noun,622
719,3,주목,noun,1089
721,4,박수,noun,1031
722,2,짝,adverb,1168
724,2,시원찮다,adjective,1167
725,20,눈치,noun,813
727,3,아득하다,adjective,1093
728,4,쌓다,verb,898
728,8,무너지다,verb,891
729,34,풀리다,verb,961
729,5,상당,noun,1061
729,20,충격,noun,868
731,17,도대체,adverb,805
733,5,휘청거리다,verb,1140
733,97,순간,noun,396
733,2,엉덩이,noun,1030
733,42,의자,noun,878
733,3,현기증,noun,1138
734,14,목격,noun,1171
735,12,나중,noun,717
735,5,상상,noun,1001
736,3,구역,noun,1001
737,3,찬물,noun,1147
737,33,머릿속,noun,955
737,8,변기,noun,1132
737,2,세수,noun,1140
738,7,바라다,verb,474
738,10,오다,auxiliary verb,78
740,4,척하다,auxiliary verb,1052
740,19,최대한,noun,987
740,6,성큼성큼,adverb,1152
740,4,아무렇다,adjective,1048
741,5,터벅터벅,adverb,1168
742,4,우측,noun,1142
743,14,억울하다,adjective,1041
747,4,저런,article,1066
750,11,차분하다,adjective,1113
752,5,중반,noun,1036
753,29,이해,noun,689
753,7,태도,noun,590
753,2,측,dependent noun,443
754,9,결정,noun,570
757,5,점수,noun,1041
758,3,튀다,verb,1051
760,5,건데,dependent noun,10000
760,6,뽑다,verb,816
761,39,너,pronoun,86
761,2,평균,noun,825
762,4,핑계,noun,1102
763,10,선택,noun,750
763,7,난,pronoun,10000
764,7,주장,noun,584
764,2,동의,noun,935
764,2,모두,noun,641
765,4,하소연,noun,1151
767,3,멀뚱히,adverb,1164
767,6,내려다보다,verb,971
768,6,이끌다,verb,718
768,43,귀,noun,642
768,11,지치다,verb,921
769,5,오전,noun,784
769,3,울분,noun,1144
770,42,옥상,noun,1127
770,7,가라앉히다,verb,1127
771,26,혼자,noun,378
771,36,장소,noun,741
772,14,올라오다,verb,851
773,17,출입구,noun,1146
773,3,번거롭다,adjective,1123
774,9,위험,noun,894
774,20,난간,noun,1119
774,5,제한,noun,911
777,9,하아,exclamation,1170
778,22,바람,noun,461
778,14,운동장,noun,1020
779,7,날씨,noun,937
779,3,붐비다,verb,1133
780,2,축구,noun,824
780,10,벤치,noun,1119
781,4,편안,noun,1171
783,19,걸어오다,verb,1068
783,2,펄럭이다,verb,1149
784,8,그려지다,verb,1059
785,5,눈썹,noun,1106
785,3,짙다,adjective,952
786,3,부위,noun,1036
786,2,강인하다,adjective,1149
788,23,떠올리다,verb,900
788,2,동전,noun,1099
788,4,다부진,adjective,10000
788,2,초반,noun,1072
788,10,원,dependent noun,93
788,15,이마,noun,956
788,3,묘사,noun,1114
788,5,점,dependent noun,741
789,5,신다,verb,984
793,2,족히,adverb,1155
794,13,시동,noun,1136
795,4,도구,noun,973
796,5,목적지,noun,1131
796,2,내비게이션,noun,10000
796,2,고분고분,adverb,1164
797,7,주차,noun,1138
798,4,맴돌다,verb,1100
798,9,빈자리,noun,1161
798,5,주택,noun,789
798,23,계속,adverb,342
803,17,입구,noun,959
804,22,짧다,adjective,692
807,9,설치,noun,995
808,5,감탄,noun,1141
808,2,작동,noun,1125
809,2,기적,noun,1114
809,17,오른쪽,noun,848
811,11,남학생,noun,1097
811,13,이윽고,adverb,1030
812,7,무겁다,adjective,855
813,3,안녕,exclamation,1152
815,4,캔,noun,1109
815,2,유쾌,noun,1165
815,30,빠지다,auxiliary verb,1142
816,6,어서,adverb,875
817,20,크다,adjective,54
819,14,닿다,verb,896
819,8,무릎,noun,896
820,6,불편,noun,1065
820,16,따지다,verb,803
823,4,양,article,1050
823,2,양태,noun,1153
823,9,태일,noun,10000
824,4,남동생,noun,1142
824,9,동생,noun,638
825,15,부모,noun,583
825,7,사고,noun,763
826,3,살아오다,verb,937
826,2,태어나다,verb,530
827,15,눈물,noun,611
827,2,고이다,verb,1103
828,4,환경,noun,373
829,6,부스럭,adverb,10000
831,16,봉지,noun,1128
831,25,검다,adjective,785
832,5,과자,noun,1088
833,12,네,article,661
833,2,방바닥,noun,1118
833,13,꽉,adverb,1029
834,17,이거,pronoun,252
835,3,뜯다,verb,1067
835,11,형제,noun,878
836,11,아저씨,noun,672
837,3,처지다,verb,1125
837,6,힘없이,adverb,1118
838,6,조각,noun,1034
840,13,누나,noun,753
842,2,독립,noun,897
842,12,모양,noun,526
844,5,심지어,adverb,911
845,27,약속,noun,808
845,2,남매,noun,1075
845,17,찾아오다,verb,715
845,4,정하다,verb,604
845,3,일방,noun,1162
846,2,봐주다,verb,1133
847,4,인쇄물,noun,1162
847,42,주머니,noun,968
848,24,거래,noun,795
848,44,자료,noun,437
848,4,통장,noun,1096
849,3,입금,noun,1156
850,14,이건,pronoun,10000
851,2,몰라요,verb,10000
852,6,출처,noun,1127
853,4,아르바이트,noun,1121
853,14,아무것,noun,852
854,10,강력,noun,1138
854,11,바뀌다,verb,627
854,3,나쁜,adjective,10000
854,14,짓,noun,849
854,9,궁금증,noun,1130
856,12,비밀,noun,881
857,7,거짓,noun,1082
858,7,아쉽다,adjective,1017
860,19,몰다,verb,933
860,27,이다,verb,1131
861,3,중단,noun,1130
861,2,다달이,adverb,1165
862,3,주,dependent noun,999
863,22,실종,noun,1135
863,32,신고,noun,1028
868,21,순,dependent noun,10000
868,8,당부,noun,1160
868,15,억지로,adverb,1057
872,10,전부,adverb,1016
873,3,실종자,noun,1154
874,5,억누르다,verb,1131
875,8,정적,noun,1126
875,2,배,dependent noun,1131
876,2,전단,noun,1155
876,34,신문,noun,414
878,6,다물다,verb,1060
878,4,꾹,adverb,1132
880,3,신문사,noun,1088
880,29,가까이,adverb,940
880,35,하다,auxiliary verb,9
880,8,예정,noun,649
881,2,급한,adjective,10000
882,2,재촉,noun,1162
883,35,건가,dependent noun,10000
885,4,실은,adverb,1072
885,47,기사,noun,849
887,7,매일,adverb,876
888,25,장,dependent noun,787
888,43,넘기다,verb,814
891,15,고통,noun,645
891,14,흘러나오다,verb,1042
893,5,세상,noun,246
898,5,짐,noun,937
899,6,상자,noun,1070
901,5,의외,noun,1111
903,7,훨씬,adverb,584
903,3,후줄근하다,adjective,1161
905,4,동그랗다,adjective,1124
906,8,의아,noun,10000
906,7,신입,noun,1149
907,12,차이,noun,504
910,6,까맣다,adjective,1039
910,14,멀리서,adverb,1171
914,19,물건,noun,686
917,3,만,number,1149
923,7,진전,noun,1092
923,28,알아내다,verb,1054
924,4,매듭,noun,1134
926,2,소린가,noun,10000
926,5,묵묵히,adverb,1099
928,5,양보,noun,1129
931,2,거,verb,10000
934,4,벙긋,adverb,1171
938,2,단칼,noun,1169
938,2,거절,noun,1146
940,2,상하다,adjective,1171
940,4,일말,noun,1156
940,8,냉정,noun,1169
940,7,희망,noun,775
940,9,버리다,auxiliary verb,124
941,11,막히다,verb,865
941,6,말문,noun,1131
943,3,절로,adverb,1135
943,60,숨,noun,666
943,2,가빠왔,adjective,
944,706,기주,noun,10000
944,4,거칠다,adjective,975
944,6,호흡,noun,829
947,3,시원,noun,1163
947,4,음료수,noun,1136
948,2,뛰어났,adjective,10000
948,2,능력,noun,353
949,9,고맙다,adjective,811
951,4,친분,noun,1135
951,3,시다,adjective,1148
952,2,취미,noun,1070
953,3,반장,noun,1041
953,3,이러하다,adjective,144
953,6,성격,noun,408
955,9,마시다,verb,342
956,2,뒷목,noun,1171
956,22,가볍다,adjective,778
958,8,음료,noun,1055
958,4,뚜껑,noun,1104
958,3,따다,verb,820
959,2,타들다,verb,1149
959,6,차갑다,adjective,980
959,2,해치우다,verb,1139
960,5,야간,noun,1118
960,9,마음속,noun,935
961,3,욕,noun,1026
961,20,가지다,verb,74
961,15,발걸음,noun,1064
962,9,그림,noun,320
962,3,떡,noun,998
963,3,실감,noun,1115
964,2,느껴질,verb,10000
964,6,현실,noun,306
964,3,불현듯,adverb,1128
964,3,빼앗기다,verb,1058
965,2,터덜터덜,adverb,1158
965,46,교문,noun,1132
966,11,지갑,noun,1108
966,15,실루엣,noun,1150
968,26,그림자,noun,851
969,13,담,noun,1072
969,33,돌다,verb,721
971,19,후문,noun,1156
971,4,낮,noun,860
972,9,의하다,verb,102
972,5,경비,noun,1102
972,15,닫히다,verb,1037
974,8,빙,adverb,1154
976,2,궁리,noun,1141
978,2,중형차,noun,1163
978,3,깜빡,adverb,1154
979,11,숨다,verb,929
979,17,반사,noun,1124
981,19,방향,noun,473
981,15,빛,noun,546
981,10,두리번거리다,verb,1101
982,6,발끝,noun,1135
983,4,쫓아가다,verb,1134
983,18,지켜보다,verb,883
983,13,몰래,adverb,1042
984,13,살피다,verb,839
985,19,다행히,adverb,1064
986,2,숨죽이다,verb,1155
986,10,찬찬히,adverb,1138
988,3,차종,noun,1139
990,3,아버님,noun,1041
991,6,학부모,noun,1061
992,5,언뜻,adverb,1099
992,2,후반,noun,968
994,3,낯,noun,1128
997,8,경계,noun,1026
997,18,접근,noun,981
997,4,눈초리,noun,1111
1000,21,깜짝,adverb,1026
1002,5,신기,noun,1168
1002,3,자전거,noun,943
1003,15,모야,noun,10000
1003,6,여긴,pronoun,10000
1004,39,그냥,adverb,271
1006,8,훔치다,verb,1043
1007,5,아니야,exclamation,1122
1008,9,마,auxiliary verb,10000
1010,12,친하다,adjective,998
1011,12,따라가다,verb,972
1016,7,태연,noun,1171
1019,3,뭔데,pronoun,10000
1020,2,기피,noun,1147
1021,3,피식,adverb,1120
1023,11,응,exclamation,761
1024,4,수긍,noun,1163
1024,4,별생각,noun,1168
1029,22,내,pronoun,10000
1031,4,놀라움,noun,1143
1031,21,거짓말,noun,986
1037,3,모다,verb,1171
1037,9,새다,verb,1039
1038,4,생각나다,verb,956
1038,3,실없다,adjective,1154
1040,4,놈,dependent noun,482
1040,20,아주,adverb,301
1044,4,하굣길,noun,1163
1044,3,대략,adverb,1095
1047,7,태우다,verb,1031
1052,4,비로소,adverb,893
1055,4,억측,noun,1165
1055,23,그래도,conjunction,10000
1056,4,어쨌든,adverb,900
1059,10,헤어지다,verb,965
1061,2,복습,noun,1162
1062,18,녹음기,noun,1145
1063,19,녹음,noun,1094
1064,2,선행,noun,1150
1064,22,파악,noun,1111
1064,3,의도,noun,925
1064,2,출제,noun,1152
1066,7,뇌리,noun,1140
1066,2,들으면서도,verb,10000
1067,3,곰곰이,adverb,1144
1067,3,터무니없다,adjective,1135
1069,2,참관,noun,1170
1069,2,뵈다,verb,1125
1072,5,풍기다,verb,1017
1072,10,무엇,pronoun,128
1073,2,부자연,verb root,10000
1073,19,그,exclamation,410
1074,2,남녀,noun,803
1074,8,어색,noun,1170
1076,20,설마,adverb,1092
1080,4,조르다,verb,1123
1080,4,자국,noun,1085
1080,27,목,noun,778
1081,4,졸랐,verb,10000
1081,4,의견,noun,564
1083,15,마주,adverb,973
1086,2,뒷정리,noun,1170
1086,2,투박하다,adjective,1151
1086,27,살인,noun,1032
1090,9,반면,noun,705
1091,9,일부러,adverb,1035
1091,6,품다,verb,985
1092,62,증거,noun,932
1092,2,개입,noun,1022
1092,18,죽음,noun,559
1092,36,확실,noun,1170
1093,2,지푸라기,noun,1156
1093,3,수집,noun,1081
1093,12,뛰다,verb,898
1093,9,굴리다,verb,1099
1094,4,서점,noun,1137
1095,8,혹시나,adverb,1141
1095,2,수확,noun,1129
1098,4,나름,dependent noun,794
1098,2,결실,noun,1125
1100,6,밝혀내다,verb,1096
1100,9,지인,noun,1166
1101,3,실마리,noun,1128
1101,6,들뜨다,verb,1088
1107,8,직감,noun,1158
1110,5,조,noun,1107
1113,7,카페,noun,1009
1118,2,부장,noun,943
1118,38,중년,noun,1010
1119,2,초가을,noun,1159
1120,6,열기,noun,1062
1120,6,늘어나다,verb,696
1121,4,젖다,verb,876
1123,2,제어,noun,1129
1123,2,통신,noun,543
1123,3,음악,noun,407
1124,9,동네,noun,789
1124,23,남성,noun,749
1124,10,지나치다,verb,1050
1126,8,편하다,adjective,862
1127,5,당당하다,adjective,1056
1128,14,띄다,verb,968
1128,9,본능,noun,1086
1129,4,낭비,noun,1115
1133,3,씨,dependent noun,65
1133,13,물어보다,verb,864
1134,36,묻다,verb,327
1135,14,달다,auxiliary verb,657
1139,20,수첩,noun,1133
1140,32,이내,adverb,1042
1140,6,유심히,adverb,1122
1141,11,제,pronoun,10000
1142,2,재학,noun,1138
1143,7,연상,noun,1140
1144,235,덕,noun,1057
1145,2,계기,noun,765
1146,4,잔,noun,702
1146,6,에이드,noun,10000
1147,18,테이블,noun,982
1147,2,무심코,adverb,1122
1148,3,뭔가요,pronoun,10000
1150,6,흠칫,adverb,1139
1152,7,기간,noun,552
1153,2,민망,noun,1171
1155,18,말없이,adverb,1032
1156,5,회상,noun,1142
1157,7,초점,noun,953
1157,47,사라지다,verb,547
1157,4,입꼬리,noun,10000
1160,3,추억,noun,1042
1160,2,화제,noun,868
1163,30,가리키다,verb,773
1164,2,손길,noun,1086
1165,4,손사래,noun,10000
1167,4,알레르기,noun,1145
1173,20,넘어가다,verb,864
1173,3,벌떡,adverb,1030
1173,2,실례,noun,1146
1183,11,외투,noun,1154
1183,15,빨갛다,adjective,991
1184,2,폰,noun,1170
1187,12,어차피,adverb,1014
1187,3,전,pronoun,10000
1190,4,강렬하다,adjective,1064
1190,3,빨간색,noun,1134
1198,3,방학,noun,1003
1199,2,통보,noun,1141
1199,4,유학,noun,1067
1199,6,이별,noun,1090
1202,2,되짚다,verb,1154
1203,3,언행,noun,1155
1203,16,확신,noun,1084
1206,4,상기,noun,1166
1207,12,한껏,adverb,1084
1207,4,아까,noun,1063
1210,5,난감,noun,1171
1216,9,으,exclamation,1154
1218,8,말리다,verb,1054
1218,5,겨를,dependent noun,1138
1219,4,구멍,noun,969
1219,9,흘러내리다,verb,1060
1220,2,다독이다,verb,1160
1221,6,울음,noun,1044
1221,18,기회,noun,513
1221,9,성인,noun,1050
1224,8,진정,noun,1119
1225,7,휴지,noun,1126
1225,10,침,noun,1068
1225,8,더미,noun,1105
1225,3,흩어지다,verb,1026
1227,2,참,dependent noun,1108
1227,7,직원,noun,750
1228,2,녹초,noun,1168
1228,9,완전히,adverb,616
1231,4,진,noun,1161
1233,5,자취,noun,1115
1234,2,자취방,noun,1157
1235,7,사랑,noun,267
1238,6,사소하다,adjective,1072
1239,2,반하다,verb,1053
1239,14,어쩌면,adverb,834
1244,2,조만간,adverb,1103
1245,25,가만히,adverb,890
1246,29,분명,adverb,1008
1247,5,교제,noun,1136
1247,5,원조,noun,1121
1248,13,웃음,noun,650
1249,18,떠올랐,verb,10000
1250,10,빠져나가다,verb,1002
1250,4,박히다,verb,1023
1251,5,충분히,adverb,823
1251,4,가정,noun,575
1252,9,의혹,noun,956
1254,23,바꾸다,verb,419
1255,2,불신,noun,1091
1259,2,해결책,noun,1100
1259,3,거듭,adverb,1082
1260,6,여느,article,1107
1265,2,식히다,verb,1142
1266,3,쐬다,verb,1147
1268,12,출입문,noun,1133
1269,6,디디다,verb,1144
1269,13,고정,noun,1130
1269,11,하늘,noun,344
1270,8,흐리다,verb,1119
1270,14,비치다,verb,968
1270,9,달빛,noun,1090
1271,4,새까맣다,adjective,1138
1273,4,뵙다,verb,1115
1273,11,그러면,conjunction,490
1274,2,넋,noun,1073
1275,5,근원지,noun,10000
1277,2,침입,noun,1143
1278,5,뒤쪽,noun,1106
1278,8,찌푸리다,verb,1081
1278,26,어둠,noun,797
1278,10,전달,noun,964
1278,10,노리다,verb,1027
1280,5,기척,noun,1146
1280,13,주시,noun,1166
1282,13,누군지,pronoun,10000
1282,16,뚫어지다,verb,1127
1283,10,가리다,verb,985
1283,3,구름,noun,958
1284,5,이,dependent noun,733
1284,6,형광,noun,1160
1286,19,내다,auxiliary verb,180
1287,2,치마,noun,1088
1287,3,달걀형,noun,
1289,4,엇,exclamation,10000
1290,4,뜻밖,noun,1094
1290,4,주춤거리다,verb,1156
1291,3,덩달다,verb,1139
1292,2,감돌다,verb,1116
1296,4,뇌,noun,859
1298,3,욕망,noun,959
1302,3,뿌리치다,verb,1107
1302,5,뀌다,verb,1149
1302,5,콧방귀,noun,1162
1303,5,손목,noun,1105
1304,17,멀다,adjective,549
1306,4,몰리다,verb,982
1306,7,혀,noun,1004
1307,7,마침내,adverb,823
1313,8,넌,pronoun,10000
1316,5,나뭇가지,noun,1117
1316,3,밤바람,noun,1164
1317,17,심하다,adjective,591
1317,4,들어맞다,verb,1151
1317,7,짐작,noun,1094
1318,5,적절하다,adjective,931
1319,12,어찌,adverb,891
1321,4,뒤돌아서다,verb,1158
1322,4,마리,dependent noun,724
1324,17,날카롭다,adjective,1003
1325,9,벌어지다,verb,826
1325,22,떨리다,verb,986
1325,2,파르르,adverb,1159
1325,10,입술,noun,874
1326,15,곧바로,adverb,1003
1327,2,아악,noun,1155
1328,5,숨통,noun,1153
1328,4,달려들다,verb,1064
1329,16,모이다,verb,563
1329,5,뒷걸음질,noun,1156
1331,5,코앞,noun,1136
1333,2,흰자위,noun,1166
1333,9,온통,adverb,1025
1334,4,생명,noun,498
1334,3,위협,noun,1018
1335,2,제정신,noun,1139
1338,11,마음먹다,verb,1106
1338,3,제압,noun,1162
1340,2,왜소하다,adjective,1147
1340,13,빠른,adjective,10000
1341,3,파고들다,verb,1078
1341,8,빈틈,noun,1156
1344,5,의지,noun,772
1344,9,균형,noun,959
1344,4,상관,noun,1066
1344,9,깨지다,verb,1035
1344,14,공중,noun,1075
1345,3,뼘,dependent noun,1141
1345,2,구르다,verb,1087
1346,2,관성,noun,1140
1348,2,방패,noun,1146
1348,2,사태,noun,692
1349,16,눈앞,noun,960
1349,8,힘껏,adverb,1100
1349,15,붙잡다,verb,1064
1349,17,내밀다,verb,817
1350,4,악력,noun,10000
1350,4,거센,adjective,10000
1350,5,속력,noun,1056
1351,7,모와,noun,10000
1351,7,손아귀,noun,1146
1352,7,단번에,adverb,1146
1352,10,잽싸다,adjective,1136
1353,6,손바닥,noun,1026
1353,38,팔,noun,831
1354,5,간신히,adverb,1088
1355,6,무게,noun,1008
1355,3,뛰어넘다,verb,1070
1355,2,중력,noun,1082
1356,4,일순간,noun,1160
1356,2,미끄러지다,verb,1095
1358,13,쿵,adverb,1150
1360,29,울리다,verb,862
1360,6,굵다,adjective,1010
1362,16,달리다,verb,757
1364,5,충돌,noun,1084
1364,3,신속히,adverb,1151
1364,47,죽이다,verb,749
1365,3,발뒤꿈치,noun,1156
1365,2,기이,noun,1171
1365,11,칸,noun,1058
1368,2,제길,exclamation,1169
1375,2,옷깃,noun,1151
1380,7,별다른,adjective,10000
1381,7,남짓,dependent noun,1119
1386,37,화단,noun,1129
1386,4,바퀴,noun,1085
1386,9,청각,noun,1146
1387,3,인적,noun,1154
1387,5,드문,adjective,10000
1392,2,난생,adverb,1163
1392,4,기괴하다,adjective,1159
1393,4,널브러지다,verb,1147
1394,6,찢어지다,verb,1092
1394,2,꺾이다,verb,1122
1394,2,바깥쪽,noun,1135
1394,4,팔꿈치,noun,1144
1394,26,피,noun,804
1395,2,구부러지다,adjective,1170
1397,6,미동,noun,1154
1397,11,눕다,verb,727
1398,2,가로등,noun,1146
1398,3,싸늘하다,adjective,1115
1400,10,주민,noun,598
1400,3,술,noun,298
1400,5,아파트,noun,734
1402,2,단념,noun,1169
1404,12,피다,verb,928
1404,9,한눈,noun,1072
1406,8,부러지다,verb,1085
1407,2,부러뜨리다,verb,1158
1409,18,움직임,noun,817
1410,11,구급차,noun,1160
1413,9,좌우,noun,1078
1414,4,내,article,10000
1415,23,차리다,verb,885
1415,8,벗기다,verb,1051
1417,45,숨기다,verb,969
1420,19,없애다,verb,926
1421,10,물들다,verb,1092
1422,2,빠지다,verb,557
1423,12,신속,noun,1163
1424,5,흥건하다,adjective,1158
1424,2,돌돌,adverb,1168
1426,5,품,noun,1056
1426,7,뛰어가다,verb,1089
1430,7,키다,verb,1171
1430,3,센서,noun,1151
1430,3,반기다,verb,1130
1432,7,물탱크,noun,1168
1432,9,잠그다,verb,1104
1433,2,당분간,adverb,1106
1434,13,집어넣다,verb,1037
1435,3,양동이,noun,1154
1437,7,진지,noun,1157
1438,5,고치다,verb,775
1438,2,양말,noun,1108
1438,8,벗다,verb,781
1439,4,차림,noun,1023
1439,20,들이다,verb,936
1441,18,스치다,verb,992
1441,3,대립,noun,1010
1441,6,휘두르다,verb,1060
1442,11,지우다,verb,992
1443,3,방울,noun,1113
1450,3,치,dependent noun,1121
1451,31,시각,noun,877
1451,19,알리바이,noun,1165
1452,3,전후,noun,1081
1452,3,완벽히,adverb,1163
1454,5,못지않다,adjective,1031
1454,6,만드,verb,10000
1454,23,중요,noun,1109
1455,3,꼬리,noun,1002
1455,2,밟히다,verb,1156
1459,5,기침,noun,1098
1460,4,자제,noun,1144
1461,13,비다,verb,736
1462,9,행방,noun,1139
1462,5,염려,noun,1092
1467,2,욕심,noun,1002
1467,2,부리다,verb,912
1472,5,하룻밤,noun,1096
1474,23,인물,noun,532
1474,30,범행,noun,1114
1475,6,욕구,noun,915
1475,3,끊임없이,adverb,944
1475,4,솟구치다,verb,1110
1476,3,달려가다,verb,962
1479,3,괜한,adjective,10000
1479,5,오해,noun,1045
1479,6,실패,noun,989
1484,8,목적,noun,488
1487,6,가시다,verb,1100
1487,2,샴푸,noun,1162
1487,6,혼란,noun,989
1489,3,사로잡다,verb,1105
1489,6,욕실,noun,1105
1491,4,리모컨,noun,1162
1491,4,능숙,noun,1171
1492,2,멎다,verb,1115
1492,4,덜컥,adverb,1148
1495,8,사방,noun,1032
1497,5,주저앉다,verb,1041
1498,3,관자놀이,noun,1166
1499,2,믿기다,verb,1151
1502,16,벌써,adverb,644
1506,8,안도,noun,1141
1508,3,천만다행,noun,1162
1509,2,가해자,noun,1148
1512,17,굳다,adjective,973
1516,14,흔적,noun,1007
1517,37,월,dependent noun,1161
1517,3,밝혀졌,verb,10000
1517,13,사용,noun,804
1518,21,날짜,noun,1064
1519,3,달력,noun,1104
1521,8,죄다,adverb,1138
1521,3,우편물,noun,1146
1521,2,광고지,noun,1156
1521,2,고지서,noun,1160
1524,4,웅,noun,1171
1525,6,진동,noun,1127
1525,10,추리,noun,1117
1528,2,음량,noun,1167
1528,5,높이다,verb,805
1530,16,며칠,noun,817
1531,2,명랑,noun,1167
1533,8,뜸,noun,1129
1538,7,단서,noun,1132
1541,7,음,exclamation,710
1543,5,연출,noun,1070
1543,4,낮추다,verb,1037
1547,7,별,article,958
1548,8,반갑다,adjective,993
1550,6,도망가다,verb,1098
1550,3,토끼,noun,1004
1550,2,쫓기다,verb,1054
1552,3,반박,noun,1159
1554,7,감사,noun,1019
1559,6,실망,noun,1101
1560,2,발랄하다,adjective,1152
1562,2,드릴게요,verb,10000
1566,2,보청기,noun,10000
1568,19,깊다,adjective,358
1576,2,닳다,verb,1146
1578,3,물음표,noun,1167
1578,2,느낌표,noun,1167
1579,3,뛰어나가다,verb,1140
1580,2,종종걸음,noun,1153
1582,3,부,noun,1076
1583,21,예전,noun,944
1584,14,연결,noun,1075
1584,7,음,noun,1031
1585,3,세다,adjective,1058
1588,4,딩동,noun,10000
1593,12,인기척,noun,1150
1594,6,망설임,noun,1150
1595,2,철제,noun,1144
1595,8,전해졌,verb,10000
1596,3,아픔,noun,999
1597,3,둔탁하다,adjective,1159
1598,28,드러나다,verb,617
1600,5,백,number,1155
1600,3,열,number,1149
1603,2,투둑,adverb,10000
1604,16,무언가,pronoun,10000
1608,2,살금살금,adverb,1159
1608,18,당기다,verb,1024
1610,3,시뻘겋다,adjective,1155
1611,4,손등,noun,1149
1611,7,맺히다,verb,1095
1618,5,잠들다,verb,974
1621,8,담장,noun,1120
1622,9,내려오다,verb,694
1622,2,뒷담,noun,1170
1624,3,안착,noun,1171
1625,2,챙겨온,verb,10000
1625,3,이어서,adverb,1104
1625,8,운동복,noun,1155
1626,4,변장,noun,1170
1627,3,누비다,verb,1125
1632,7,경찰차,noun,1166
1632,12,곁눈,noun,1167
1635,7,도달,noun,1162
1635,5,늦추다,verb,1094
1639,21,계획,noun,317
1643,2,생사,noun,1113
1643,3,명단,noun,1109
1644,2,여부,noun,799
1644,2,전면,noun,1060
1645,8,감추다,verb,900
1647,10,해결,noun,869
1648,2,제거,noun,1130
1652,11,힘들다,adjective,420
1652,3,굽다,verb,1049
1655,11,발길,noun,1066
1658,13,오른편,noun,1157
1660,6,내,dependent noun,436
1661,4,뒷문,noun,1144
1664,2,편한,adjective,10000
1666,9,서두르다,verb,894
1666,13,조금,noun,580
1667,2,철문,noun,10000
1668,3,새겨진,verb,10000
1668,11,힘겹다,adjective,1084
1669,6,올랐,verb,10000
1669,2,부풀다,verb,1079
1672,3,근육,noun,939
1674,14,넓다,adjective,610
1675,2,여정,noun,1148
1677,4,덮이다,verb,1083
1678,9,느낌,noun,433
1679,7,나무,noun,496
1681,11,지경,dependent noun,1002
1682,2,모퉁이,noun,1131
1685,16,정체,noun,1108
1685,5,선,noun,791
1685,17,들키다,verb,1128
1686,21,언제,adverb,776
1686,16,튀어나오다,verb,1048
1691,4,단도,noun,10000
1693,2,헛,exclamation,10000
1696,5,텅,adverb,1047
1697,3,개미,noun,1074
1697,4,휙,adverb,1123
1699,10,정지,noun,1070
1700,21,이리저리,adverb,1092
1703,4,움푹,adverb,1155
1703,3,파이다,verb,1148
1704,2,함정,noun,1145
1706,9,홀로,adverb,1024
1708,2,깨우다,verb,1088
1709,5,배회,noun,1171
1709,2,새,noun,901
1717,2,철컹,adverb,1171
1718,4,단단히,adverb,1100
1721,4,이제,noun,400
1722,5,내키다,verb,1132
1723,3,끄응,exclamation,
1724,9,팔다리,noun,1140
1724,7,어려움,noun,810
1724,9,겪다,verb,583
1725,8,불안감,noun,1098
1728,2,되돌아가다,verb,1085
1732,4,딱히,adverb,1148
1734,20,심장,noun,908
1734,12,잠,noun,569
1739,9,여고생,noun,1135
1740,13,너무나,adverb,755
1741,5,건너다,verb,957
1742,2,굴뚝같다,adjective,1168
1743,2,깨물다,verb,1105
1747,8,비다,auxiliary verb,1169
1751,5,힐끗,adverb,1139
1752,4,한두,article,949
1752,2,소곤거리다,verb,1164
1754,4,웅성거리다,verb,1146
1755,12,수능,noun,1143
1755,3,서운하다,adjective,1124
1755,8,앞두다,verb,900
1756,11,흥미,noun,916
1760,7,분간,noun,1160
1765,4,세면대,noun,1165
1766,4,거울,noun,959
1769,15,침착,noun,1168
1772,4,떨어뜨리다,verb,1025
1775,8,어제,noun,981
1785,18,깨달,verb,10000
1785,6,심각,noun,1163
1787,5,수색,noun,1152
1789,6,예민,noun,1171
1790,2,심다,verb,925
1792,10,심문,noun,1155
1800,3,가까워질수록,adjective,10000
1801,6,암흑,noun,1132
1802,6,낯설다,adjective,884
1803,10,설득,noun,1119
1805,3,운,noun,1040
1812,2,우두커니,adverb,1133
1814,11,그저,adverb,748
1816,4,물끄러미,adverb,1104
1816,10,서로,noun,809
1817,8,내리깔다,verb,1155
1818,2,쟤,pronoun,10000
1822,8,푹,adverb,1088
1823,3,잠깐,noun,1006
1824,13,회복,noun,936
1824,71,병원,noun,660
1825,3,스스로,adverb,551
1826,4,칼,noun,940
1829,3,눈여겨보다,verb,1140
1833,10,저,verb,10000
1834,6,확연히,adverb,1156
1841,4,창가,noun,1083
1842,4,주방,noun,1083
1843,2,조심스레,adverb,1145
1845,12,커지다,verb,890
1845,6,긁적이다,verb,1166
1846,2,품속,noun,1153
1857,5,늘어놓다,verb,1051
1858,2,소통,noun,1119
1858,2,대화법,noun,1169
1859,15,가게,noun,904
1859,2,고기,noun,921
1866,8,만약,noun,801
1866,5,살해,noun,1142
1869,2,미심쩍다,adjective,1157
1869,6,연관,noun,1090
1870,13,충분,noun,1169
1871,11,유력,noun,1161
1871,21,용의자,noun,1145
1872,2,걸까요,dependent noun,10000
1877,2,훈훈하다,adjective,1148
1877,3,눈감다,verb,1147
1877,11,장면,noun,743
1880,3,그러니까,conjunction,500
1881,3,후각,noun,1163
1882,3,갸웃거렸,verb,
1885,6,반대,noun,780
1891,6,대상,noun,323
1896,2,대형,noun,889
1896,3,빌딩,noun,1083
1899,8,반복,noun,1107
1899,5,뒤집다,verb,1062
1899,6,이불,noun,1002
1900,11,커피,noun,587
1903,2,애꿎다,adjective,1152
1903,3,칠한,verb,
1905,6,멀쩡하다,adjective,1129
1906,7,맡기다,verb,890
1908,9,편,dependent noun,709
1908,5,어울리다,verb,709
1909,3,적시다,verb,1093
1909,2,몽롱하다,adjective,1146
1910,7,당혹,noun,1168
1910,2,적잖이,adverb,1163
1912,15,버튼,noun,1125
1913,3,드리다,auxiliary verb,654
1916,5,모른다는,verb,10000
1917,10,간,dependent noun,270
1919,5,현수막,noun,1158
1920,2,대입,noun,1127
1921,7,성과,noun,879
1922,3,제법,adverb,1015
1922,2,실적,noun,1075
1924,5,행적,noun,1121
1925,10,지금껏,adverb,1123
1928,4,치우다,auxiliary verb,1128
1930,4,겠어,auxiliary verb,10000
1930,8,바,dependent noun,429
1933,3,덜다,verb,1079
1934,9,테,dependent noun,10000
1938,4,친한,adjective,10000
1938,18,당연,noun,1170
1943,24,그래,exclamation,387
1943,15,행정,noun,771
1945,4,싣다,verb,848
1949,2,도로,adverb,1107
1950,46,기록,noun,634
1951,2,마련,dependent noun,860
1951,5,발신,noun,1170
1955,3,박동,noun,1151
1957,4,심호흡,noun,1145
1959,4,깔다,verb,1052
1960,3,저음,noun,1164
1965,8,수상,noun,1093
1966,3,상장,noun,1111
1966,6,부상,noun,1120
1968,3,키보드,noun,1151
1971,9,그쪽,pronoun,981
1974,27,지상,noun,1010
1978,4,증,noun,1168
1978,11,당장,noun,809
1978,6,조퇴,noun,1166
1979,8,검사,noun,894
1979,3,엄격,noun,1170
1981,2,모범생,noun,1162
1981,7,짚다,verb,1033
1981,6,땅,noun,369
1982,5,새우다,verb,1127
1983,3,허가,noun,1025
1984,3,그만큼,adverb,888
1984,2,신뢰,noun,1026
1985,7,들렀,verb,10000
1985,5,도서관,noun,1042
1986,6,검색,noun,1137
1986,4,비치,noun,1169
1988,4,강북,noun,1155
1992,3,한산하다,adjective,1158
1993,6,정류장,noun,1130
1995,16,창밖,noun,1020
1997,2,자연스레,adverb,1146
1997,3,상념,noun,1138
2005,2,의문점,noun,1156
2007,4,앞뒤,noun,1100
2008,3,일상,noun,1004
2014,5,상가,noun,1135
2015,6,좌측,noun,1136
2019,12,커다랗다,adjective,677
2023,17,그리,adverb,905
2023,9,분식집,noun,1161
2025,2,불다,auxiliary verb,1169
2025,2,식점,noun,
2026,3,빨강,noun,1131
2030,5,에,exclamation,832
2032,5,특이,noun,1166
2033,2,높낮이,noun,1166
2037,4,떡볶이,noun,1157
2037,2,튀김,noun,1168
2040,2,흥겨움,adjective,
2041,11,건지,dependent noun,10000
2041,3,신나다,verb,1167
2050,2,야자,noun,1163
2051,4,새빨갛다,adjective,1157
2053,2,거드,verb,10000
2056,13,잡히다,verb,833
2056,5,허락,noun,1121
2057,2,어휴,exclamation,10000
2059,4,죄,noun,792
2060,2,엄하다,adjective,1135
2066,3,전교생,noun,1152
2066,4,꿰뚫다,verb,1132
2067,3,와본,verb,10000
2075,2,엄청,adverb,1152
2075,6,텐데,dependent noun,10000
2077,2,딴,article,994
2084,2,배웅,noun,1166
2085,5,일관,noun,1166
2085,2,긍정,noun,1145
2090,2,표,noun,1016
2093,2,삼,number,1030
2098,2,추리다,verb,1153
2106,3,판,dependent noun,1104
2109,5,자동,noun,1037
2112,4,전학생,noun,10000
2115,2,분식,noun,1166
2115,4,오가다,verb,1031
2119,3,오,exclamation,1107
2119,3,환영,noun,1139
2122,7,고막,noun,1146
2123,7,했으나,auxiliary verb,10000
2132,2,당최,adverb,1171
2134,2,보였으나,verb,10000
2137,3,볼살,noun,10000
2137,4,소유자,noun,1078
2139,3,만지작거리다,verb,1141
2141,2,빼빼,adverb,1170
2142,4,하긴,conjunction,1029
2145,3,몸집,noun,1115
2146,3,즐겁다,adjective,872
2151,16,출구,noun,1145
2157,2,찌다,verb,1122
2161,4,드라마,noun,658
2161,2,흥미진진,noun,1171
2165,6,밀어내다,verb,1118
2166,2,쿠당탕,adverb,
2167,8,도망치다,verb,1068
2168,6,쏠리다,verb,1096
2170,9,헉,adverb,1164
2172,10,허억,exclamation,10000
2173,3,추격,noun,1153
2174,3,피로,noun,1013
2176,9,체육,noun,1034
2176,7,온데간데없다,adjective,1162
2180,2,짜내다,verb,1151
2181,4,줄어들다,verb,856
2182,2,한계,noun,830
2186,5,밀다,verb,885
2189,7,거칠다,verb,565
2189,3,들썩거리다,verb,1166
2189,4,내쉬다,verb,1032
2190,12,들려오다,verb,836
2192,8,가까워졌,adjective,10000
2194,4,부르르,adverb,1136
2202,6,털썩,adverb,1136
2207,2,부딪치다,verb,1011
2208,8,민첩하다,adjective,1159
2208,2,꼼짝,adverb,1101
2210,4,악물다,verb,1142
2214,3,누굴,pronoun,10000
2218,3,일그러지다,verb,1117
2221,5,돌려주다,verb,1104
2222,4,씩씩거리다,verb,1161
2223,8,숨소리,noun,1123
2229,8,하,exclamation,1139
2233,20,날다,verb,1044
2233,3,들통,noun,1159
2239,7,협박,noun,1114
2242,5,땅바닥,noun,1125
2244,5,일으키다,verb,550
2249,3,소파,noun,1046
2250,3,파출소,noun,1101
2251,3,아앗,exclamation,10000
2253,2,나,verb,10000
2253,3,유리창,noun,1039
2253,7,비추다,verb,961
2254,8,절반,noun,974
2254,2,뺨,noun,1091
2254,2,벗겨지다,verb,1133
2257,2,스토커,noun,10000
2258,3,솔직,noun,1171
2260,2,대중교통,noun,1144
2261,5,담당,noun,987
2266,4,흔치,adjective,10000
2268,2,교차,noun,1143
2268,2,만감,noun,1164
2269,2,벽지,noun,1150
2269,2,어우러지다,verb,1097
2269,35,병실,noun,1131
2271,6,산책,noun,1127
2275,2,잡혀가다,verb,1141
2283,3,약간,adverb,785
2290,3,구체,noun,1162
2293,5,막상,adverb,1051
2294,11,지내다,verb,538
2297,2,들추다,verb,1114
2299,5,단순히,adverb,937
2303,14,닮다,verb,952
2307,12,당시,noun,287
2309,3,기막히다,adjective,1124
2309,2,어처구니없다,adjective,1122
2311,8,서성이다,verb,1157
2314,10,자극,noun,977
2314,7,줄이다,verb,770
2314,5,환자,noun,626
2314,2,턱밑,noun,1167
2314,4,그걸,pronoun,10000
2316,4,쫓아오다,verb,1146
2325,3,날카로워졌,adjective,
2328,2,데려다,verb,10000
2329,5,계시다,verb,872
2332,2,어두워졌,adjective,10000
2335,3,질끈,adverb,1147
2338,2,대학생,noun,1004
2338,2,만우절,noun,1167
2344,2,금세,adverb,1117
2344,4,눈가,noun,1123
2350,4,텐데요,dependent noun,10000
2351,16,눈길,noun,837
2353,8,포기,noun,1117
2355,2,정,adverb,1148
2358,2,꼽다,verb,1064
2359,2,외국,noun,605
2359,14,교환,noun,1005
2361,23,지키다,verb,438
2367,6,번갈다,verb,1100
2368,9,무표정,noun,1163
2372,5,정장,noun,1107
2378,2,이면지,noun,1170
2379,2,우수,noun,1120
2380,3,긋다,verb,1061
2383,4,지시,noun,1011
2387,3,볼게요,auxiliary verb,10000
2389,2,잡아내다,verb,1153
2390,4,건장하다,adjective,1150
2390,12,체격,noun,1141
2391,8,비슷,noun,1171
2404,12,답,noun,989
2408,4,갑작,verb root,10000
2408,5,물음,noun,998
2408,2,움츠리다,verb,1136
2414,3,자꾸,adverb,843
2416,3,신청,noun,1007
2419,2,간절하다,adjective,1087
2423,2,비행기,noun,932
2426,2,동정심,noun,1156
2428,8,부담,noun,810
2431,18,출국,noun,1117
2434,5,귓속말,noun,1164
2437,2,답하다,verb,1044
2438,4,편의점,noun,1159
2443,4,뒤처리,noun,1164
2443,5,저지르다,verb,950
2443,2,범죄,noun,867
2445,12,전날,noun,1069
2456,5,반짝이다,verb,1074
2468,3,신상,noun,1147
2468,4,사이트,noun,970
2471,3,추궁,noun,1153
2480,2,놨어요,auxiliary verb,10000
2484,4,선상,noun,1163
2484,2,밝혀진다면,verb,10000
2484,4,물러나다,verb,1044
2484,4,용,noun,1090
2487,4,털어놓다,verb,1050
2492,2,무심,noun,1164
2503,3,귀국,noun,1126
2510,2,인멸,noun,1166
2514,6,무색,noun,1162
2514,6,어두컴컴하다,adjective,1157
2515,2,뒤덮다,verb,1145
2515,2,먹구름,noun,1155
2515,2,잔뜩,adverb,964
2516,6,비,noun,561
2516,4,금방,adverb,992
2517,18,어머니,noun,133
2518,8,원인,noun,567
2518,5,귀가,noun,1149
2519,3,졸다,verb,1107
2520,2,쑤시다,verb,1129
2520,2,찔리다,verb,1138
2520,8,밥,noun,670
2521,6,휘둥그레지다,verb,1148
2523,6,중간고사,noun,1166
2524,4,더불다,verb,831
2524,3,끌어내다,verb,1123
2528,5,까닭,noun,833
2532,3,걸으면서,verb,10000
2533,9,최근,noun,265
2534,9,문득,adverb,892
2538,2,빗소리,noun,1145
2538,4,요동치다,verb,1164
2541,2,잠복,noun,1167
2545,5,물거품,noun,1149
2546,4,미치다,verb,684
2548,3,덥석,adverb,1151
2549,4,누군가,pronoun,10000
2550,4,화들짝,adverb,1145
2558,2,소리치다,verb,1008
2567,2,껄끄럽다,adjective,1161
2567,3,아무튼,adverb,1014
2570,3,꿈틀거리다,verb,1128
2571,4,어지럽다,adjective,1074
2572,2,온화하다,adjective,1136
2574,3,신청서,noun,1146
2574,4,서명,noun,1114
2575,10,서류,noun,1064
2577,2,망상,noun,1148
2585,5,번지다,verb,1074
2586,17,원,noun,1093
2588,3,오랜만,noun,1045
2589,2,남김없이,adverb,1162
2590,2,반납,noun,1156
2592,5,우산,noun,1041
2593,3,안성맞춤,noun,1154
2593,2,짓궂다,adjective,1147
2594,2,쿠,adverb,10000
2595,2,천둥,noun,1144
2597,7,뚜벅뚜벅,adverb,1159
2598,2,위층,noun,1144
2599,11,망설이다,verb,1032
2603,10,펴다,verb,802
2606,19,응시,noun,1165
2610,3,이질감,noun,1156
2617,4,느닷없다,adjective,1162
2621,3,대면,noun,1160
2621,6,영문,noun,1127
2627,2,크,exclamation,10000
2629,2,빗속,noun,1154
2634,2,한바탕,adverb,1121
2634,4,그치다,verb,836
2645,2,사흘,noun,1039
2649,3,허겁지겁,adverb,1136
2652,4,사자,noun,1119
2652,13,흘리다,verb,818
2658,3,달아올랐,verb,10000
2659,5,중환자실,noun,1169
2662,16,복잡,noun,1163
2668,2,흔히,adverb,723
2670,3,뭔지,pronoun,10000
2682,3,부스럭거리다,verb,1163
2689,3,별거,noun,1142
2692,6,변하다,verb,538
2696,3,승부,noun,1038
2698,3,승리감,noun,1169
2698,2,만끽,noun,1169
2698,3,눈엣가시,noun,1171
2699,6,마땅,noun,1171
2699,2,도리,noun,1060
2702,2,큭,adverb,10000
2705,14,황급히,adverb,1121
2706,5,컵,noun,1043
2710,6,하드,noun,1134
2710,3,디스크,noun,1092
2711,13,모으다,verb,492
2714,2,조작,noun,1095
2715,6,속이다,verb,1082
2719,4,이어폰,noun,1149
2720,16,파일,noun,1096
2723,8,여보세요,exclamation,1020
2726,2,똑,adverb,1162
2728,3,단절,noun,1115
2733,2,불상사,noun,1161
2733,3,안타깝다,adjective,961
2735,26,던지다,verb,624
2739,3,재차,adverb,1152
2742,3,묵묵부답,noun,1167
2743,2,별안간,noun,1152
2749,19,거기,pronoun,310
2750,2,끝맺다,verb,1160
2758,4,해외,noun,723
2761,2,여행,noun,695
2761,22,가져오다,verb,747
2761,10,직전,noun,1008
2762,2,챙겨왔,verb,10000
2763,4,완벽,noun,1159
2767,4,공항,noun,1077
2768,5,택시,noun,944
2769,2,수속,noun,1158
2774,6,건가요,dependent noun,10000
2777,11,강산,noun,1154
2780,7,똑같다,adjective,809
2781,2,완전,noun,1031
2782,6,일치,noun,1120
2784,5,지체,noun,1156
2786,3,노을,noun,1143
2789,3,농구,noun,1091
2791,8,너희,pronoun,760
2795,3,한술,noun,1166
2797,2,합리,noun,1164
2798,2,복화술,noun,
2802,3,험상궂다,adjective,1162
2803,2,독수리,noun,1154
2803,2,먹이,noun,1086
2811,4,노크,noun,1149
2811,2,부드럽다,adjective,863
2816,8,여선생,noun,1166
2817,3,단정,noun,1148
2817,28,교사,noun,783
2818,2,앳된,adjective,10000
2819,2,거두절미,noun,1170
2827,4,남선생,noun,10000
2833,8,어리둥절,noun,1171
2835,5,사증,noun,
2836,2,짝다리,noun,10000
2836,3,곧추세우다,verb,1156
2846,3,데려오다,verb,1114
2851,6,알아채다,verb,1152
2858,11,여교사,noun,1160
2860,2,거렸,verb,10000
2860,9,작업,noun,447
2860,2,난데없다,adjective,1158
2887,3,수군거리다,verb,1160
2889,17,양,noun,902
2896,5,모범,noun,1105
2900,3,전교,noun,1155
2904,9,입장,noun,377
2904,2,아깝다,adjective,1080
2904,2,편의,noun,1093
2907,16,지르다,verb,840
2907,16,반대편,noun,1132
2914,2,눈인사,noun,1157
2915,5,교정,noun,1133
2917,6,낫다,adjective,867
2922,6,겹치다,verb,1040
2922,2,묘하다,adjective,1070
2935,2,출마,noun,1113
2941,6,어딜,pronoun,10000
2943,6,조건,noun,463
2948,11,임신,noun,1031
2949,11,유산,noun,1116
2951,11,전부,noun,1021
2952,7,그동안,noun,501
2952,3,익히,adverb,1148
2952,3,언론,noun,404
2952,2,매체,noun,790
2955,2,극도,noun,1104
2955,2,꺼리다,verb,1090
2964,4,날아가다,verb,996
2964,2,모가지,noun,1161
2967,2,우린,pronoun,10000
2971,2,사직,noun,1162
2974,6,측근,noun,1087
2974,3,발각,noun,1170
2975,4,화내다,verb,1150
2982,2,빼내다,verb,1109
2982,4,의료,noun,832
2983,3,잘리다,verb,1115
2985,4,목숨,noun,928
2985,2,특종,noun,1151
2986,6,당하다,adjective,1163
2988,2,직장,noun,813
2991,5,자식,noun,563
2991,6,제,article,1120
2995,6,신체,noun,909
2995,4,약하다,adjective,846
2996,4,앞서다,verb,813
2997,2,독,noun,1129
2997,3,봐왔,verb,10000
2998,5,괜히,adverb,1026
2999,4,뒤돌다,verb,1161
3001,2,절차,noun,856
3002,3,단호,noun,1170
3003,10,불안,noun,884
3007,2,뜨거워지다,verb,1163
3008,3,줄줄,adverb,1152
3008,10,답답,noun,1170
3009,3,갑갑하다,adjective,1155
3016,2,훤한,adjective,10000
3016,6,대낮,noun,1123
3018,5,고르다,verb,900
3018,3,흐느끼다,verb,1134
3029,5,뒤돌아보다,verb,1124
3029,4,뒷모습,noun,1049
3036,7,흐,exclamation,10000
3037,4,돋다,verb,1131
3037,4,닭살,noun,1170
3047,6,역부족,noun,1148
3049,7,다급하다,adjective,1115
3063,3,허공,noun,1030
3069,2,땀범벅,noun,1169
3072,2,악몽,noun,1109
3073,2,이젠,adverb,10000
3076,6,충혈,noun,1171
3076,3,뻘겋다,adjective,1166
3076,2,도드라졌,verb,
3077,2,끼얹다,verb,1141
3078,4,목덜미,noun,1117
3081,7,문학,noun,275
3091,2,소설책,noun,1163
3091,2,끼우다,verb,1078
3092,4,열정,noun,1080
3092,2,머리숱,noun,1171
3096,2,한창,adverb,1098
3097,8,저번,noun,1116
3098,3,결부,noun,1171
3098,6,독후감,noun,1166
3099,3,걸맞다,adjective,1094
3100,6,미리,adverb,845
3103,2,유무,noun,1134
3106,4,출석부,noun,1166
3111,6,움찔거리다,verb,1167
3114,7,행여나,adverb,1165
3116,2,모만,noun,10000
3123,4,페이지,noun,1123
3125,5,차근차근,adverb,1145
3126,2,과제물,noun,1165
3126,2,제출,noun,1126
3128,2,꾸중,noun,1149
3129,2,턱,dependent noun,1152
3133,4,경악,noun,1157
3135,2,웬일,noun,1076
3140,11,화,noun,885
3151,6,미수,noun,1166
3152,3,박다,verb,1026
3152,2,유죄,noun,1145
3157,2,위화감,noun,1163
3160,2,자초지종,noun,1162
3169,4,발행,noun,1093
3169,3,하나하나,adverb,1112
3172,3,벌이다,verb,546
3173,6,꼼꼼히,adverb,1148
3175,3,주,noun,985
3179,5,봉사,noun,1043
3179,2,싱글벙글,adverb,1164
3179,7,활동,noun,230
3182,6,어딘가,pronoun,10000
3182,6,낯익다,adjective,1111
3184,3,아리송하다,adjective,1162
3186,4,헤매다,verb,1068
3186,3,한참,noun,791
3190,2,손쉽다,adjective,1093
3194,3,통로,noun,1078
3197,3,자랑,noun,1088
3197,3,말끔하다,adjective,1147
3198,2,뒤덮이다,verb,1131
3198,9,유리,noun,948
3198,72,체육관,noun,1140
3201,3,대비,noun,1072
3201,3,색상,noun,1111
3205,5,한쪽,noun,811
3206,4,팻말,noun,1148
3206,2,신축,noun,1144
3209,6,한꺼번에,adverb,994
3211,9,저기,exclamation,1049
3212,14,경비원,noun,1133
3212,3,뛰어오다,verb,1139
3218,6,담담,noun,1171
3235,2,연륜,noun,1144
3239,3,될까요,verb,10000
3241,2,날렵,noun,1171
3242,3,얼떨떨하다,adjective,1153
3245,2,쏘아보다,verb,1112
3245,2,매섭다,adjective,1142
3249,2,오만상,noun,
3251,3,신경질,noun,1149
3253,3,실제,noun,910
3253,2,늙다,verb,881
3263,3,도,dependent noun,894
3264,2,계시다,auxiliary verb,862
3269,2,알,noun,998
3271,3,가요,noun,1093
3274,4,소득,noun,926
3282,5,똑바로,adverb,1094
3291,5,두껍다,adjective,1083
3292,3,기록부,noun,1162
3296,3,영락없다,adjective,1163
3297,3,나란히,adverb,1006
3304,11,그거,pronoun,111
3304,3,상관없다,adjective,1084
3305,19,카메라,noun,815
3305,3,박,adverb,1171
3305,9,맞추다,verb,515
3308,7,유도,noun,1125
3309,8,표시,noun,1103
3314,12,혼잣말,noun,1078
3321,2,생소,noun,1169
3322,6,끝내,adverb,1018
3324,4,답변,noun,1065
3328,3,다투다,verb,1021
3331,3,지난번,noun,1059
3332,15,쪽지,noun,1105
3335,5,뒤로하다,verb,1160
3336,6,바쁘다,adjective,817
3341,2,말썽,noun,1118
3347,2,눈꺼풀,noun,1151
3348,3,유난히,adverb,1050
3348,6,가을,noun,700
3352,6,주일,dependent noun,1092
3359,3,직업,noun,669
3362,2,노부부,noun,1155
3363,5,창,noun,1008
3370,2,착하다,adjective,992
3371,3,조언,noun,1136
3374,17,말씀,noun,528
3378,5,취급,noun,1120
3378,2,서적,noun,1056
3379,6,워낙,adverb,1031
3380,2,허탕,noun,1162
3381,2,노트북,noun,1156
3382,5,인터넷,noun,635
3385,2,구매,noun,1111
3386,2,직거래,noun,1153
3392,5,판매자,noun,1169
3397,7,마스크,noun,1159
3397,2,구매자,noun,1164
3397,2,선글라스,noun,1120
3400,3,나라,noun,250
3403,10,뱉다,verb,1058
3403,8,붙이다,verb,534
3407,4,쥐어짜다,verb,1167
3408,2,독촉,noun,1162
3409,5,팔짱,noun,1132
3409,11,요구,noun,720
3411,2,퍼즐,noun,1166
3415,4,지상고,noun,
3419,2,갸웃거리,verb,
3421,4,시점,noun,971
3424,2,관해선,verb,10000
3425,2,낫다,verb,1079
3429,4,빨라졌,adjective,10000
3443,4,가지런히,adverb,1138
3443,4,책걸상,noun,1159
3447,3,한결,adverb,1108
3456,3,재빠르다,adjective,1143
3457,6,가다듬다,verb,1099
3457,2,특유,noun,1039
3462,5,커피숍,noun,1151
3471,6,엄습,noun,1171
3471,13,슬슬,adverb,1143
3477,4,주스,noun,1136
3481,3,속마음,noun,1120
3485,32,자네,pronoun,708
3491,31,미행,noun,1169
3499,2,나지막이,adverb,1162
3501,2,돌려보내다,verb,1153
3505,3,자매,noun,1110
3512,2,안절부절,adverb,1168
3513,9,대꾸,noun,1096
3518,2,취재,noun,1067
3519,3,적극,noun,949
3519,3,경험,noun,507
3529,2,잡아먹다,verb,1087
3529,2,퉁명,noun,1171
3530,5,받아치다,verb,1170
3531,6,어떡하다,adjective,1167
3532,6,범죄자,noun,1145
3533,2,새삼,adverb,1053
3537,17,경호원,noun,1156
3538,30,허리,noun,924
3541,4,넥타이,noun,1120
3541,2,도난,noun,1150
3543,5,코웃음,noun,1152
3565,3,이러다,conjunction,10000
3567,4,모금,dependent noun,1111
3573,5,벌리다,verb,1045
3575,2,함축,noun,1167
3578,4,우습다,adjective,1022
3589,2,불만,noun,941
3598,3,한데,auxiliary verb,10000
3601,4,증폭,noun,1167
3612,2,들,noun,1085
3615,2,완료,noun,1160
3625,3,차창,noun,1102
3626,2,갈색,noun,1088
3626,3,진하다,verb,1169
3628,4,눈치챘,verb,10000
3630,3,울컥,adverb,1156
3639,5,미간,noun,1141
3643,2,광활하다,adjective,1140
3651,2,첫날,noun,1067
3655,2,가로채다,verb,1157
3665,2,고,article,1116
3666,4,걸레,noun,1122
3668,5,쏘다,verb,1000
3669,4,움켜쥐다,verb,1113
3674,7,그만,adverb,708
3678,3,눌리다,verb,1137
3683,2,빚,noun,1054
3684,3,양팔,noun,1162
3696,6,쭈그리다,verb,1128
3698,2,닥치다,verb,1065
3702,2,내버리다,verb,1101
3705,3,옆자리,noun,10000
3707,7,필통,noun,1159
3709,10,감독,noun,500
3712,2,메다,verb,1080
3713,2,참여,noun,825
3718,4,잡념,noun,1166
3719,8,이대로,adverb,1088
3720,2,악화,noun,1120
3727,2,맞잡다,verb,1160
3733,2,거꾸로,adverb,1045
3738,2,탄성,noun,1143
3746,2,소용돌이치다,verb,1156
3747,4,줄기,noun,1003
3747,3,가설,noun,1098
3747,3,관통,noun,1163
3747,7,진실,noun,943
3752,6,두렵다,adjective,1002
3754,3,장본인,noun,1141
3755,6,끄다,verb,976
3756,6,작정,noun,1110
3757,4,건지다,verb,1104
3762,10,본부,noun,998
3764,2,내일,noun,820
3772,6,앞문,noun,1169
3774,2,심기,noun,1156
3775,3,아암,exclamation,10000
3778,4,도중,noun,1039
3784,2,여념,noun,1146
3786,2,푸다,verb,1126
3786,6,통,dependent noun,1112
3790,6,안주머니,noun,1161
3794,11,수많다,adjective,824
3799,3,인쇄,noun,1135
3806,2,행인,noun,1140
3806,5,비상구,noun,1168
3810,2,끊어지다,verb,1039
3812,4,외제,noun,1138
3813,4,차량,noun,935
3815,5,안심,noun,1156
3819,4,필기구,noun,1171
3823,4,봉고,noun,10000
3828,3,꼿꼿이,adverb,1157
3829,3,삐,adverb,1162
3834,5,마찰음,noun,
3834,2,매끄럽다,adjective,1150
3839,6,팽팽하다,adjective,1133
3841,2,허름하다,adjective,1134
3843,31,양복,noun,1098
3844,2,콧노래,noun,1153
3853,5,옷차림,noun,1098
3855,4,방심,noun,1166
3859,3,이쪽,pronoun,959
3860,4,우려,noun,888
3861,3,아쉬움,noun,1087
3861,2,한구석,noun,1107
3867,3,용건,noun,1156
3881,3,눈여기다,verb,1166
3884,7,한번,adverb,962
3889,10,부스,noun,1130
3897,4,슬쩍슬쩍,adverb,1170
3902,2,종료,noun,1140
3906,5,세다,verb,1095
3914,6,후회,noun,1120
3916,4,올,article,877
3921,14,공원,noun,886
3931,6,달칵,adverb,10000
3935,2,실에,noun,10000
3936,24,억,number,1166
3939,2,예다,verb,1167
3940,2,깨뜨리다,verb,1104
3941,2,하하하,exclamation,10000
3950,2,구석진,adjective,10000
3951,4,잇다,verb,531
3955,7,젠장,exclamation,1154
3956,7,인정,noun,1087
3956,2,차마,adverb,1094
3957,4,실수,noun,956
3957,3,돌이키다,verb,1090
3962,5,블랙박스,noun,1170
3967,2,미처,adverb,1056
3969,2,모르쇠,noun,1171
3970,2,제안,noun,1055
3974,4,굳건하다,adjective,1160
3975,3,불리,noun,1168
3979,2,우위,noun,1098
3979,2,점하다,verb,1153
3980,3,주도,noun,1080
3989,5,확률,noun,1112
3990,4,언급,noun,1119
3994,3,손해,noun,1033
3998,2,켕기다,verb,1167
3999,9,점차,adverb,849
4000,2,역전,noun,1153
4001,2,먹이다,verb,963
4001,6,모,pronoun,1055
4006,2,방관,noun,1165
4008,2,가시,noun,1113
4028,2,강,noun,860
4033,3,양쪽,noun,1006
4041,11,당신,pronoun,324
4057,3,미끼,noun,1151
4058,4,기색,noun,1118
4063,2,호락호락,adverb,1169
4068,2,의심증,noun,
4072,7,천,number,1168
4086,6,한동안,noun,960
4087,2,쿵쾅거리다,verb,1160
4089,3,후우,exclamation,10000
4092,4,여러,article,152
4093,2,동일,noun,1122
4094,2,농후하다,adjective,1156
4106,2,널찍하다,adjective,1150
4107,5,긁다,verb,1105
4108,2,도,verb,10000
4111,2,풍채,noun,1170
4112,5,영장,noun,1038
4112,2,발부,noun,1167
4114,2,그렇지만,conjunction,866
4116,2,우선,noun,1132
4119,2,더군다나,adverb,1120
4120,4,여간,adverb,1083
4131,3,소문나다,verb,1132
4134,2,性,noun,
4134,19,상담,noun,966
4134,4,성,noun,692
4134,2,문의,noun,1116
4134,5,고충,noun,1153
4135,3,머무르다,verb,969
4139,2,음침하다,adjective,1157
4140,9,열쇠,noun,1054
4141,2,빨개지다,verb,1151
4141,9,탁,adverb,1089
4145,4,울다,verb,512
4148,4,면담,noun,1133
4150,2,맹수,noun,1161
4150,2,안색,noun,1152
4162,5,아들,noun,389
4166,2,역효과,noun,1165
4172,2,그쯤,adverb,1165
4172,2,직업병,noun,1169
4173,2,꼭지,noun,1155
4177,9,자,dependent noun,557
4183,3,변명,noun,1109
4184,2,설문지,noun,1156
4186,5,따돌리다,verb,1138
4192,7,분주히,adverb,1161
4201,4,뻣뻣하다,adjective,1146
4201,4,기계,noun,677
4211,3,이미지,noun,776
4213,3,절,noun,930
4213,2,거들다,verb,1130
4217,2,간청,noun,1166
4234,2,노신,noun,10000
4235,2,두둑,noun,1171
4235,5,주름,noun,1099
4244,9,심,noun,1159
4251,3,친절,noun,1145
4256,2,사,noun,1067
4260,4,안정,noun,861
4262,3,난관,noun,1148
4263,4,탄식,noun,1154
4268,6,들이키다,verb,1170
4278,3,난처하다,adjective,1124
4282,3,간접,noun,1098
4284,2,겁니다,dependent noun,10000
4285,5,천장,noun,1046
4285,7,결심,noun,1088
4306,7,출석,noun,1139
4331,4,기지개,noun,1142
4332,4,들이켜다,verb,1104
4343,2,사생활,noun,1124
4344,2,군데,dependent noun,1049
4346,8,여직,adverb,1170
4348,6,장치,noun,728
4351,4,낯선,adjective,10000
4354,4,가려지다,verb,1129
4360,6,감지,noun,1150
4361,3,카드,noun,794
4363,2,인식,noun,677
4368,31,영상,noun,889
4368,3,촬영,noun,980
4369,2,보관,noun,1128
4375,9,비디오,noun,942
4376,2,업무,noun,694
4379,5,물론,noun,761
4380,2,결석,noun,1150
4380,3,찾아내다,verb,950
4383,3,축,adverb,1144
4385,2,안쓰럽다,adjective,1134
4389,35,문서,noun,1009
4403,16,사물함,noun,1160
4406,2,저곳,pronoun,1170
4409,3,길이,noun,808
4409,2,너비,noun,1141
4411,7,자물쇠,noun,1151
4411,3,조그마하다,adjective,1102
4414,2,망치,noun,1125
4414,2,톱,noun,1146
4417,3,고리,noun,1069
4419,3,금속음,noun,
4423,5,문제집,noun,1163
4429,15,담배,noun,544
4434,4,라이터,noun,1138
4441,4,어이없다,adjective,1107
4448,3,싹,adverb,1131
4452,3,아프다,adjective,577
4456,5,외장,noun,10000
4466,7,접다,verb,1059
4468,2,볼일,noun,1119
4475,2,일동,noun,1155
4486,12,벽돌,noun,1115
4499,3,예감,noun,1094
4499,11,불길,noun,1120
4501,2,동그래지다,verb,1169
4502,2,까,exclamation,10000
4511,3,올라타다,verb,1122
4518,4,의문사,noun,1167
4522,4,착석,noun,1170
4526,2,투덜거리다,verb,1138
4541,3,꼴깍,adverb,1166
4541,7,삼키다,verb,1032
4542,2,특별히,adverb,1002
4549,3,과하다,verb,1170
4550,3,무용담,noun,1168
4563,4,켜다,verb,907
4564,3,묶다,verb,987
4567,2,기보다는,verb,10000
4570,2,도범,noun,10000
4574,2,환호,noun,1162
4574,4,선수,noun,675
4575,5,문자,noun,956
4578,4,움찔,adverb,1162
4585,3,이전,noun,675
4586,3,손목시계,noun,1140
4591,5,앞쪽,noun,1133
4591,2,환호성,noun,1144
4593,3,쫑긋,adverb,1167
4599,2,동상,noun,1132
4600,3,대치,noun,1135
4605,2,문턱,noun,1133
4613,2,턱턱,adverb,1164
4613,3,막혀왔,verb,10000
4615,3,터벅,verb root,
4617,6,툭,adverb,1102
4621,3,정해져,verb,10000
4634,3,건장,noun,10000
4636,2,까무잡잡하다,adjective,1170
4637,2,한문,noun,1064
4650,3,어리석다,adjective,1053
4672,15,미세,noun,1149
4672,4,상반신,noun,1156
4673,10,되찾다,verb,1062
4674,2,바로잡다,verb,1074
4674,2,심신,noun,1125
4676,3,방황,noun,1150
4680,2,휘젓다,verb,1119
4684,2,섬뜩,adverb,1168
4687,8,동기,noun,1017
4691,2,밝혀질,verb,10000
4693,3,고양이,noun,1035
4696,2,섭섭하다,adjective,1118
4698,6,볼펜,noun,1141
4708,3,비수,noun,1164
4710,2,강인,noun,10000
4711,2,물리다,verb,1144
4711,3,지도,noun,933
4720,2,그래서인지,adjective,10000
4725,2,망정,dependent noun,1160
4725,2,맞닿다,verb,1139
4732,2,그게,pronoun,10000
4737,2,직접,noun,1050
4739,6,식,dependent noun,576
4739,6,생생,noun,1170
4742,3,끝났으니,verb,10000
4750,3,꾸미다,verb,946
4751,4,더듬다,verb,1084
4773,2,어정쩡,noun,1171
4774,4,딱딱하다,adjective,1091
4775,2,원래,noun,696
4779,3,비틀거리다,verb,1122
4787,5,택하다,adjective,1171
4788,2,건,dependent noun,923
4789,7,사정,noun,791
4790,4,오로지,adverb,1054
4791,2,열,noun,929
4793,3,파다,verb,989
4793,2,길거리,noun,1096
4793,2,분량,noun,1109
4799,2,서류철,noun,1169
4800,2,나타내다,verb,467
4800,2,몰입,noun,1167
4805,2,드나드,verb,10000
4808,4,꺼지다,verb,1062
4811,2,접어놓,verb,10000
4812,12,재생,noun,1137
4813,3,흐음,exclamation,10000
4814,3,올려져,verb,10000
4824,2,픈,auxiliary verb,10000
4826,2,클릭,noun,1164
4826,2,더블,noun,1142
4837,2,툭툭,adverb,1130
4838,7,이날,noun,584
4851,8,포착,noun,1168
4853,2,느닷없이,adverb,1103
4863,3,화질,noun,1166
4874,2,작성,noun,1110
4876,3,뭔가,pronoun,10000
4878,7,덜,adverb,983
4886,2,숙직실,noun,1160
4888,4,순찰,noun,1156
4899,3,손놀림,noun,1154
4903,3,형상,noun,957
4904,2,충족,noun,1146
4905,2,가빠지다,verb,1164
4910,5,저건,pronoun,10000
4911,11,물체,noun,946
4913,3,확대,noun,915
4915,6,형태,noun,370
4918,4,기다랗다,adjective,1139
4920,2,빳빳이,adverb,1166
4920,2,이목구비,noun,1157
4925,4,주인공,noun,869
4932,3,무방,noun,1171
4932,2,길쭉하다,adjective,1148
4940,2,꺼림칙하다,adjective,1161
4941,6,말끝,noun,1148
4948,13,동작,noun,922
4953,2,쩍,adverb,1156
4956,2,흘기다,verb,1141
4957,3,벌레,noun,1052
4962,2,작아지다,verb,1135
4967,2,주택가,noun,1141
4976,9,우연,noun,1098
4980,3,볼,noun,1100
4991,3,높이,noun,958
4994,2,고도,noun,1020
5014,2,용지,noun,1145
5022,5,참,adverb,569
5024,3,하나하나,noun,1099
5025,3,집념,noun,1151
5027,7,드디어,adverb,994
5044,2,삽,number,10000
5047,7,성폭행,noun,1150
5049,3,유언비어,noun,1153
5055,2,유인물,noun,1158
5077,2,금,noun,1077
5083,4,갈등,noun,667
5087,3,경제,noun,145
5089,3,늑대,noun,1140
5092,8,꽂히다,verb,1093
5095,8,의사,noun,655
5095,5,또박또박,adverb,1157
5096,6,진짜,noun,976
5105,21,구두,noun,916
5105,2,검정,noun,1114
5110,3,번호순,noun,10000
5115,4,곤란,noun,1142
5117,2,뜻,noun,277
5117,6,즉,adverb,270
5119,3,성질,noun,919
5121,4,지목,noun,1165
5138,2,등받이,noun,1157
5141,3,명령,noun,970
5145,10,사인펜,noun,1168
5149,2,막무가내,noun,1138
5150,4,잃어버리다,verb,996
5151,3,시험지,noun,1152
5157,5,씨,exclamation,1152
5160,3,연필,noun,1107
5172,2,요새,adverb,1171
5172,6,피우다,verb,777
5181,2,꾸짖다,verb,1130
5189,2,번쩍,adverb,1124
5195,2,큰일,noun,1044
5198,2,소위,noun,1154
5216,2,졸리다,verb,1148
5217,3,정수기,noun,1158
5218,6,책꽂이,noun,1164
5220,2,종잇장,noun,1171
5220,3,빼곡히,adverb,1162
5226,2,어느덧,adverb,1118
5229,2,피해,noun,729
5230,3,샅샅이,adverb,1154
5235,4,슬금슬금,adverb,1156
5236,2,파랗다,adjective,1013
5239,2,대체,adverb,1054
5240,4,장,noun,927
5250,6,접히다,verb,1150
5258,2,겨울바람,noun,
5263,2,시경,noun,1164
5267,3,광대,noun,1156
5271,3,다리뼈,noun,1170
5271,5,심한,adjective,10000
5271,3,특히,adverb,192
5271,3,훼손,noun,1132
5271,3,외상,noun,1160
5271,2,관절,noun,1093
5271,2,조각나다,verb,1170
5273,3,유독,adverb,1121
5290,2,말짱,adverb,1164
5293,4,퇴원,noun,1164
5297,2,돕다,verb,785
5300,2,무참히,adverb,1159
5301,2,에워싸다,verb,1149
5302,8,바짝,adverb,1083
5302,2,말라왔,verb,10000
5303,2,흠,exclamation,1151
5304,2,헛기침,noun,1148
5305,2,차,dependent noun,556
5309,2,연도,noun,1139
5312,5,공통점,noun,1105
5320,4,시기,noun,648
5333,2,엔진,noun,1071
5342,6,직후,noun,998
5349,2,꼬치꼬치,adverb,1165
5364,5,인지,noun,1125
5368,2,생김새,noun,1128
5368,4,개인,noun,423
5375,3,거치다,verb,565
5382,24,여인,noun,662
5385,2,또각또각,adverb,1169
5386,2,요란,noun,1168
5392,4,눈치챈,verb,10000
5395,5,가까스로,adverb,1116
5395,3,째려보다,verb,1155
5400,3,어김없이,adverb,1105
5401,2,은행,noun,497
5418,4,상냥하다,adjective,1150
5422,2,내놔,verb,10000
5434,2,쪼그맣다,adjective,1160
5438,2,머리채,noun,1149
5440,3,외마디,noun,10000
5441,2,낚아채다,verb,1141
5444,4,힘줄,noun,1155
5459,2,분리,noun,1088
5466,3,신분증,noun,1153
5474,2,도둑,noun,1057
5488,6,지퍼,noun,1159
5498,2,지폐,noun,1133
5507,2,으름장,noun,1160
5511,5,드,verb,10000
5532,5,단숨에,adverb,1105
5536,3,내디디다,verb,1156
5537,5,앗,exclamation,1151
5543,4,구속,noun,929
5546,2,예비,noun,1084
5553,2,심란하다,adjective,1147
5567,4,빼앗다,verb,1051
5568,2,흠뻑,adverb,1126
5568,5,둘러싸다,verb,928
5570,2,장난기,noun,1155
5572,5,곁,noun,885
5585,4,겁,noun,1020
5591,3,매점,noun,1156
5617,2,웃음기,noun,1148
5623,4,아랑곳,noun,1165
5633,3,애초,noun,1057
5651,2,잊어버리다,verb,1015
5656,4,휘익,adverb,10000
5666,3,벙벙하다,adjective,1165
5666,3,어안,noun,1164
5682,3,드르륵,adverb,1166
5720,2,모가,noun,10000
5721,2,자각,noun,1126
5722,5,나아가다,verb,743
5723,2,터뜨리다,verb,991
5728,2,튼튼,noun,1171
5734,4,작전,noun,1009
5736,2,연발,noun,1169
5736,5,취조,noun,1159
5739,2,죽치다,verb,1167
5743,3,전개,noun,1045
5745,2,출신,noun,706
5745,3,이메일,noun,1139
5753,2,헛다리,noun,1171
5771,2,한나절,noun,1148
5778,4,아이스크림,noun,1142
5778,3,헬로우,exclamation,10000
5785,3,종업원,noun,1069
5786,8,사장,noun,536
5790,2,어긋나다,verb,1078
5821,4,엎어지다,verb,1145
5822,2,깜박,adverb,1160
5823,9,전화기,noun,1100
5825,3,건너편,noun,1104
5826,2,손님,noun,796
5827,2,하염없이,adverb,1147
5834,3,술술,adverb,1162
5841,6,월드,noun,1139
5853,3,아이디,noun,1144
5861,2,동행,noun,1090
5862,2,응하다,verb,1090
5864,2,사이버,noun,1115
5875,4,지원서,noun,1171
5879,5,펄럭,adverb,10000
5895,3,보장,noun,1031
5899,2,숫자,noun,914
5903,3,중국집,noun,1153
5906,4,소속,noun,1004
5916,2,통신사,noun,1148
5925,5,세,dependent noun,538
5933,2,떳떳하다,adjective,1125
5934,3,일자리,noun,1085
5936,3,속셈,noun,1143
5942,3,정황,noun,1140
5951,2,그르다,adjective,1086
5955,2,멍,noun,1152
5955,2,뜬금없다,adjective,1166
5959,2,아나운서,noun,1028
5968,3,고용,noun,1093
5986,5,작자,noun,1116
5987,2,차오르다,verb,1134
5991,2,찍히다,verb,1067
5992,2,자신감,noun,996
5995,4,최소한,noun,912
6005,3,증명,noun,1137
6008,9,물증,noun,1160
6009,6,쌀쌀하다,adjective,1153
6024,2,앞길,noun,1126
6024,2,탄탄대로,noun,1167
6031,2,스스로,noun,848
6031,3,변화,noun,278
6032,2,모처럼,adverb,1092
6038,2,이익,noun,756
6049,2,들썩이다,verb,1160
6056,2,호명,noun,1167
6080,3,한낱,adverb,1127
6084,4,인제,adverb,637
6090,3,낭패,noun,1153
6094,4,컥,adverb,1171
6095,2,멱살,noun,1139
6098,6,자수,noun,1161
6100,2,미,noun,961
6102,2,뱀,noun,1074
6104,3,저항,noun,989
6114,2,벅찼,adjective,10000
6116,7,압박,noun,1106
6127,3,가쁜,adjective,10000
6143,2,입김,noun,1130
6150,2,뿜다,verb,1115
6155,3,끽,adverb,1171
6158,4,올라서다,verb,1100
6163,2,위쪽,noun,1125
6172,2,쏟다,verb,937
6177,2,메아리,noun,1158
6181,2,스윽,adverb,10000
6194,6,종결,noun,1148
6208,2,농락,noun,1168
6212,2,선하다,adjective,1116
6223,9,위장,noun,1151
6239,3,공범,noun,1158
6248,2,인맥,noun,1151
6253,2,한때,noun,921
6261,2,수수께끼,noun,1139
6263,2,최악,noun,1108
6264,3,청부업자,noun,10000
6279,2,청소부,noun,1162
6290,2,떨치다,verb,1093
6304,2,걸려온,verb,10000
6312,3,힐끔,adverb,1153
6320,4,연속,noun,999
6339,2,건지,dependent noun,10000
6352,2,추위,noun,1052
6352,2,감기,noun,1076
6358,2,덮치다,verb,1114
6358,4,육중하다,adjective,1161
6360,2,체중,noun,1075
6366,3,실신,noun,1170
6368,2,형세,noun,1156
6371,2,짐승,noun,934
6377,2,혼미,noun,1167
6377,2,올가미,noun,1166
6384,2,거대,noun,1124
6387,2,강타,noun,1169
6388,7,흐읍,exclamation,10000
6389,7,신음,noun,1095
6391,3,빠져나오다,verb,1006
6392,15,총,noun,1080
6392,5,겨누다,verb,1153
6399,3,흐트러지다,verb,1120
6404,3,황소,noun,1131
6410,3,흑,noun,1140
6411,8,복부,noun,1146
6412,2,자빠지다,verb,1146
6415,4,몰아쉬다,verb,1142
6419,4,가라앉다,verb,1033
6420,2,하악,noun,10000
6423,4,수갑,noun,1120
6430,2,촉감,noun,1159
6433,3,유심,noun,10000
6439,2,흐윽,exclamation,
6447,2,훌쩍이다,verb,1165
6454,2,단지,noun,978
6455,10,엘리베이터,noun,1103
6458,4,지하,noun,952
6463,4,철컥,adverb,1169
6469,3,수록,noun,1165
6481,3,등지다,verb,1130
6486,2,미묘,noun,1171
6509,3,숙련,noun,1163
6510,2,날아오다,verb,1088
6510,2,타이밍,noun,1167
6516,3,일격,noun,1162
6520,12,베란다,noun,1083
6520,2,유리문,noun,1139
6520,4,뒤엉키다,verb,1140
6523,2,비틀다,verb,1122
6543,7,권총,noun,1132
6554,2,결의,noun,1112
6556,2,좁히다,verb,1108
6557,2,몸놀림,noun,1157
6560,3,윤곽,noun,1117
6571,5,총구,noun,1167
6572,3,통증,noun,1018
6575,2,내장,noun,1117
6577,2,굽히다,verb,1097
6579,2,장전,noun,1169
6581,3,비비다,verb,1073
6581,3,담뱃불,noun,1149
6583,4,순순히,adverb,1134
6583,2,짓누르다,verb,1143
6587,5,손수건,noun,1112
6593,3,대걸레,noun,1170
6596,5,출혈,noun,1153
6596,2,과다,noun,1144
6605,3,흡,adverb,1171
6615,2,외침,noun,1137
6620,2,휩싸이다,verb,1117
6621,2,시절,noun,491
6623,5,신세,noun,1099
6624,3,살아가다,verb,684
6625,2,무력,noun,1092
6626,4,오래다,adjective,1137
6628,3,심상,noun,1160
6634,9,낙엽,noun,1104
6635,2,기류,noun,1119
6651,2,몰래카메라,noun,10000
6664,2,우,exclamation,1168
6666,2,경멸,noun,1158
6688,5,따라오다,verb,1074
6701,2,엿,noun,1161
6710,3,강간범,noun,1170
6727,2,결과물,noun,1160
6729,2,소재,noun,857
6733,2,회심,noun,1162
6737,2,결론,noun,868
6737,4,뒤집어쓰다,verb,1102
6747,5,붉다,adjective,936
6762,2,진상,noun,1082
6768,5,기운,noun,999
6781,2,라디오,noun,978
6785,2,스피커,noun,1151
6798,4,생쥐,noun,1143
6798,3,법,dependent noun,818
6799,2,강제,noun,1023
6799,2,양도,noun,1148
6827,2,응급실,noun,1138
6830,2,꾸벅거리다,verb,1171
6830,2,절다,verb,1156
6835,2,구부정하다,adjective,1162
6837,6,수술,noun,913
6850,2,치솟다,verb,1100
6861,8,발생,noun,979
6874,2,얼어붙다,verb,1118
6881,4,이목,noun,1151
6895,5,치밀다,verb,1092
6898,2,가하다,verb,931
6901,3,거두다,verb,828
6909,4,살아나다,verb,1081
6912,2,후자,noun,1061
6917,3,한층,adverb,1056
6930,2,만약,adverb,1140
6931,3,부랴부랴,adverb,1154
6936,2,시신,noun,1110
6939,2,판명,noun,10000
6940,2,자아내다,verb,1112
6943,3,생겨나다,verb,959
6944,2,간,noun,1083
6944,2,프로그램,noun,480
6970,2,괴로움,noun,1117
6971,3,죄책감,noun,1136
6995,7,체포,noun,1122
7019,2,뒤늦게야,adverb,10000
7037,2,곤두서다,verb,1153
7039,8,겁니까,dependent noun,10000
7044,2,직설,noun,1171
7046,2,내일모레,noun,1159
7048,2,수건,noun,1082
7061,2,다짜고짜,adverb,1142
7068,5,반발,noun,1042
7072,2,엄지손가락,noun,1160
7072,4,전송,noun,1085
7072,2,사항,noun,818
7081,4,등굣길,noun,1164
7089,3,문구점,noun,1169
7102,2,잠바,noun,1123
7102,2,청색,noun,1124
7121,2,풍성,noun,1171
7137,2,꿋꿋이,adverb,1166
7148,2,제약,noun,1086
7150,2,떨림,noun,10000
7152,2,지속,noun,1127
7154,5,고생,noun,1002
7161,2,힐끗힐끗,adverb,
7170,2,신호,noun,971
7172,3,뚜,adverb,1167
7228,2,우르르,adverb,1136
7231,2,거스르다,verb,1074
7242,2,칠판,noun,1143
7245,2,공무원,noun,967
7254,4,모,exclamation,1171
7259,3,심증,noun,1164
7285,5,지장,noun,1123
7286,3,깨어나다,verb,1031
7293,3,뚜걱뚜걱,adverb,
7295,5,기울이다,verb,803
7308,2,청하다,verb,1047
7308,3,악수,noun,1119
7320,5,정기,noun,1051
7330,2,다크서클,noun,10000
7332,2,일부분,noun,1129
7332,2,보다,adverb,624
7334,2,퀭한,adjective,10000
7341,4,병문안,noun,1169
7357,2,치이다,verb,1159
7370,2,골칫거리,noun,1158
7371,4,반드시,adverb,709
7377,19,초교,noun,
7385,6,교탁,noun,1164
7391,2,분실,noun,1159
7396,3,뒤집히다,verb,1140
7397,3,절도범,noun,1171
7417,3,다림,noun,10000
7443,2,폭행,noun,1130
7448,2,씹다,verb,1078
7465,5,증인,noun,770
7488,2,탑,noun,1059
7491,2,차곡차곡,adverb,1152
7507,4,어렴풋이,adverb,1130
7522,2,덜덜,adverb,1157
7538,2,키다리,noun,1170
7542,3,자존심,noun,1003
7545,2,투두둑,adverb,10000
7548,2,가로지르다,verb,1075
7550,2,추스르다,verb,1138
7553,2,스르르,adverb,1145
7562,2,줍다,verb,1041
7563,2,어린이,noun,449
7566,2,참고서,noun,1149
7575,4,저벅저벅,adverb,1166
7592,2,복귀,noun,1134
7594,2,면목,noun,1164
7600,2,미수범,noun,10000
7605,2,푹신하다,adjective,1157
7610,2,득달,noun,10000
7621,2,분경,noun,10000
7638,2,세트,noun,1015
7667,2,번거,verb root,10000
7674,2,겸연쩍다,adjective,1156
7676,2,삭제,noun,1157
7690,2,분해,noun,1076
7695,3,표면,noun,975
7697,3,기자단,noun,1158
7699,3,행위,noun,431
7711,2,성장,noun,765
7715,3,귓불,noun,1155
7717,3,달라붙다,verb,1104
7748,2,올려놓다,verb,1027
7759,2,치료,noun,749
7767,2,온종일,noun,1141
7774,3,산부인과,noun,1145
7782,2,진료,noun,1099
7784,4,확보,noun,1026
7789,2,이때,noun,545
7794,3,데리다,verb,836
7796,2,원하다,verb,647
7798,2,본의,noun,1139
7835,2,경력,noun,1051
7884,2,뒤적거리다,verb,1158
7889,19,노랗다,adjective,1033
7896,2,예측,noun,1106
7901,2,따라다니다,verb,1113
7914,2,오감,noun,1169
7917,2,걸으면,verb,10000
7918,2,점검,noun,1091
7921,25,가위,noun,1130
7935,2,웃기다,verb,1055
7954,4,놀이터,noun,1151
7958,11,미끄럼틀,noun,1160
7975,2,귀신,noun,1027
7980,2,신중,noun,1155
7985,2,모서리,noun,1124
7985,13,철,noun,1068
7989,3,끼이익,adverb,10000
8006,5,커튼,noun,1103
8012,2,쫑긋거렸,verb,
8015,2,벌컥,adverb,1151
8020,3,여기저기,noun,1008
8027,3,전진,noun,1127
8029,2,단상,noun,1163
8036,4,퍽,adverb,1107
8047,3,각목,noun,1163
8114,2,뺏기다,verb,1147
8115,3,기어가다,verb,1150
8117,2,끌어안다,verb,1088
8124,2,가빠져,adjective,10000
8147,3,온기,noun,1152
8149,4,안기다,verb,1072
8153,2,웅크리다,verb,1075
8160,2,동태,noun,1160
8184,2,조절,noun,945
8228,2,손전등,noun,1161
8241,2,오리걸음,noun,1168
8244,2,포대,noun,1156
8247,5,전등,noun,1138
8251,5,돌멩이,noun,1131
8255,2,얼룩,noun,1135
8267,4,불빛,noun,930
8272,2,부근,noun,1030
8288,3,여태껏,adverb,1160
8311,2,표지판,noun,1152
8346,2,보도블록,noun,1166
8351,3,이름표,noun,1168
8369,4,뛰어들다,verb,1004
8372,3,밀착,noun,1162
8375,3,싸이다,verb,1125
8390,5,바스락,adverb,10000
8401,5,희생,noun,1076
8417,2,후욱,adverb,
8445,3,비키다,verb,1106
8450,2,어두운색,noun,
8470,3,내려놔,verb,10000
8479,2,정말로,adverb,1023
8492,2,방아쇠,noun,1166
8493,2,탄환,noun,1166
8493,4,질주,noun,1158
8504,2,허벅다리,noun,10000
8506,2,변호사,noun,923
8506,2,권리,noun,866
8506,2,거부,noun,1064
8506,2,선임,noun,1153
8508,3,총알,noun,1152
8509,2,핏줄기,noun,1169
8510,3,머뭇거리다,verb,1107
8511,2,꿇다,verb,1099
8517,2,깡패,noun,1136
8539,2,똑같이,adverb,1009
8550,11,태,noun,1162
8568,2,섭외,noun,1157
8583,2,소설,noun,451
8585,2,죄목,noun,1163
8588,2,고꾸라지다,verb,1162
8593,2,가누다,verb,1144
8599,2,빠뜨리다,verb,1126
8599,3,사경,noun,1167
8638,2,기구,noun,888
8660,10,가짜,noun,1087
8666,2,본,noun,1142
8668,15,시나리오,noun,1055
8668,2,기기,noun,1013
8673,3,결말,noun,1144
8674,3,무대,noun,662
8678,5,돌,noun,876
8698,4,구조,noun,273
8705,7,사다리,noun,1143
8705,3,비상,noun,1089
8709,2,메모지,noun,1164
8712,2,이루어지다,verb,296
8717,8,혈흔,noun,1170
8726,2,최대,noun,780
8745,2,준다는,auxiliary verb,10000
8752,2,단계,noun,373
8759,2,해피,noun,1169
8784,2,뒷받침,noun,1151
8790,3,혐의,noun,937
8795,2,가뿐하다,adjective,1169
8798,2,무척,adverb,895
8821,4,무죄,noun,1151
8826,2,차질,noun,1113
8828,3,꼬이다,verb,1157
8837,2,몽둥이,noun,1144
8837,2,자루,noun,1139
8862,5,분명히,adverb,789
8863,2,진입,noun,1078
8893,2,수습,noun,1136
8906,2,코트,noun,1136
8920,2,일부,noun,432
8926,3,탈출,noun,1102
8936,2,무기,noun,886
8951,2,하얘지다,verb,1168
8957,2,흉부,noun,1165
8968,2,나락,noun,1162
8987,3,영원히,adverb,1034
8995,3,다가서다,verb,1074
8996,3,활용,noun,1058
9000,2,벗겨냈,verb,10000
9005,2,쑤욱,adverb,10000
9021,2,제발,adverb,1033
9042,2,타당,noun,1167
9055,3,불청객,noun,1164
9082,4,주말,noun,1002
9090,3,절망,noun,1053
9108,2,놨다,auxiliary verb,10000
9120,5,사이렌,noun,1156
9129,4,구급대,noun,10000
9131,2,안전,noun,986
9168,2,냉장고,noun,1062
9181,7,입원,noun,1134
9208,2,소동,noun,1116
9219,3,비상문,noun,10000
9222,2,휘감다,verb,1151
9225,3,결백,noun,1164
9227,2,되게,adverb,990
9238,4,시인,noun,695
9263,4,어머님,noun,1023
9268,2,명백하다,adjective,1089
9269,2,슬픔,noun,998
9275,2,묵직이,adverb,
9284,3,필사,noun,1158
9289,2,서장,noun,1159
9309,2,탈,noun,1119
9309,2,적당,noun,1171
9340,2,냉기,noun,1155
9362,2,판자,noun,1153
9408,4,전신,noun,1106
9452,2,흉기,noun,1132
9464,2,잘라서,verb,10000
9487,3,대역,noun,1164
9511,2,대리인,noun,1159
9563,2,스크랩,noun,1163
9572,2,지난달,noun,918
9579,2,수,noun,479
9609,2,노인정,noun,1170
9625,2,우울증,noun,1143
9639,3,담배꽁초,noun,1155
9657,3,후드,noun,1162
9663,4,로비,noun,1029
9664,2,안내판,noun,1161
9673,2,뽀득뽀득,adverb,10000
9678,2,혹여,adverb,1169
9730,2,단,verb,10000
9731,2,좁혀졌,verb,10000
9737,2,호실,noun,1137
9747,2,파수,noun,1170
9752,2,저놈,pronoun,1127
9767,2,절호,noun,1160
9774,2,병상,noun,1157
9784,2,하반신,noun,1163
9824,2,되물,verb,10000
9832,2,줄다,verb,1041
9880,2,빵,noun,1031
9891,2,아드레날린,noun,1167
9919,2,종일,noun,1027
9968,2,막힘없이,adverb,
9973,3,하필,adverb,1069
9993,3,덫,noun,1149
10001,3,유유히,adverb,1151
10041,3,엄마,noun,232
10053,2,찌개,noun,1154
10066,2,교회,noun,815
10088,2,냄비,noun,1116
10090,2,된장찌개,noun,1166
10091,4,숟가락,noun,1142
10092,2,두부,noun,1148
10185,2,주마등,noun,1169
10187,2,수사망,noun,10000
10217,3,자백,noun,1157
10221,2,본래,noun,980
10235,5,추락,noun,1148
10238,4,혈액,noun,1022
10254,2,뺏다,verb,1127
10298,3,연기,noun,943
10306,2,끼,noun,1119
10308,2,둥근,adjective,10000
10315,2,멈칫,adverb,1138
10327,2,놀림,noun,1158
10329,2,윗면,noun,1167
10348,2,예고,noun,1135
10405,2,불타다,verb,1122
10450,3,불꽃,noun,1074
10452,4,화염,noun,1166
10478,4,화재,noun,1091
10501,2,부서지다,verb,1075
10516,2,륵,noun,10000
10560,3,화상,noun,1109
10589,2,유치장,noun,1156
10618,2,조사서,noun,10000
10622,2,내려치다,verb,1162
10723,2,격하다,verb,1171
10817,2,식수,noun,1142
10848,2,시청자,noun,1007
10870,2,제기,noun,1126
