1,9,생일,noun,1053
1,855,나,pronoun,8
1,265,일,noun,31
1,9,세,dependent noun,538
1,119,두,article,62
1,1171,하다,verb,3
1,34,가지,dependent noun,120
2,26,군,noun,871
2,84,입대,noun,1130
2,9,무덤,noun,999
2,36,아내,noun,355
3,834,것,dependent noun,2
3,124,중,dependent noun,61
3,13,극,noun,1085
3,11,사건,noun,241
3,48,둘,number,566
3,18,덜,adverb,983
3,75,캐시,noun,1168
3,11,찾아가다,verb,831
4,541,않다,auxiliary verb,12
4,474,내,pronoun,1150
4,87,살다,verb,69
4,76,곳,noun,115
4,702,있다,auxiliary verb,4
4,7,묻히다,verb,1038
4,74,떨어지다,verb,276
4,639,우리,pronoun,22
4,186,그녀,pronoun,72
4,2,마일,dependent noun,1152
4,13,아이,noun,134
4,2,공동묘지,noun,1167
4,3,기르다,verb,848
5,88,필요,noun,308
5,16,과정,noun,177
5,15,힘,noun,216
5,19,묻다,verb,327
5,174,들다,verb,94
5,42,이상,noun,162
6,63,지다,auxiliary verb,20
6,2,해두,verb,10000
6,107,때문,dependent noun,34
6,8,예상,noun,985
6,35,준비,noun,696
6,95,다,adverb,101
6,19,따라서,conjunction,259
7,6,묘지,noun,1116
7,17,한다는,auxiliary verb,10000
7,64,싸우다,verb,796
7,25,땅,noun,369
7,2,예약,noun,1127
7,73,문제,noun,42
7,18,표현,noun,502
8,24,결국,noun,315
8,41,얻다,verb,270
8,4,시장,noun,253
8,78,내다,verb,172
8,7,아들,noun,389
8,6,끼어들다,verb,1078
8,8,찰리,noun,10000
9,15,두다,verb,240
9,318,보다,auxiliary verb,28
10,47,그래서,conjunction,128
10,32,자,exclamation,629
11,3,비석,noun,1134
11,64,작다,adjective,282
11,6,커다랗다,adjective,677
11,23,대신,noun,583
11,2,묘석,noun,
11,18,놓이다,verb,691
11,16,단순,noun,1097
12,178,대하다,verb,25
12,21,사진,noun,456
12,10,줄,noun,828
12,5,디,noun,1158
12,25,큰,adjective,10000
12,3,새기다,verb,966
12,39,넣다,verb,376
12,10,시,noun,420
12,2,감상,noun,1111
12,54,날,noun,159
12,244,때,noun,23
12,17,눕다,verb,727
12,29,젊다,adjective,486
12,56,옆,noun,395
12,26,죽음,noun,559
12,5,지나치다,adjective,753
12,7,아름답다,adjective,366
12,93,만들다,verb,57
12,3,대조,noun,1138
12,10,새다,verb,1039
12,2,검은색,noun,1109
12,146,몇,article,190
12,6,고등학교,noun,823
13,3,그야말로,adverb,1015
14,286,알다,verb,38
14,2,들어앉다,verb,1142
14,3,짊어지다,verb,1118
14,30,크다,adjective,54
14,56,자리,noun,193
15,4,유쾌,noun,1165
15,58,공격,noun,930
15,21,평생,noun,947
15,153,주다,auxiliary verb,26
15,22,제공,noun,1061
15,7,경쟁,noun,600
16,5,구워,verb,10000
16,5,과자,noun,1088
16,16,먼저,adverb,297
16,130,하나,number,150
16,3,가져가다,verb,1050
16,75,개,dependent noun,87
16,3,판매,noun,870
16,8,파이,noun,1169
16,29,가다,auxiliary verb,137
16,2,모임,noun,789
16,2,빵,noun,1031
16,38,세,article,313
17,19,사다,verb,299
17,11,해결,noun,869
17,38,치다,verb,332
17,452,그,article,11
17,4,선수,noun,675
18,183,더,adverb,44
18,524,수,dependent noun,7
18,503,없다,adjective,10
18,75,쪽,dependent noun,229
18,18,행동,noun,379
18,35,상황,noun,224
18,83,이런,article,77
18,192,좋다,adjective,51
18,24,나쁘다,adjective,646
19,2,으스대다,verb,1165
19,332,이,article,17
19,2,물리치다,verb,1093
19,48,마지막,noun,523
19,11,관계,noun,143
19,601,있다,verb,547
20,1350,말,noun,29
20,28,이미,adverb,231
20,63,상태,noun,247
20,166,죽다,verb,199
21,43,기억,noun,627
21,5,찾아오다,verb,715
21,28,나다,verb,118
21,280,사람,noun,15
21,4,그나저나,adverb,1143
22,15,집,noun,68
22,56,지나다,verb,99
22,2,팔다,verb,603
22,14,달,noun,697
22,4,석,article,1095
23,45,웃다,verb,272
23,134,번,dependent noun,108
23,5,두개골,noun,1166
23,3,활짝,adverb,1079
23,17,뚫다,verb,1000
24,42,여자,noun,79
24,108,년,dependent noun,24
24,13,나중,noun,717
24,78,보내다,verb,266
24,7,장,dependent noun,787
24,3,엽서,noun,1130
24,33,만나다,verb,170
24,128,전,noun,123
24,242,한,article,27
25,11,주일,dependent noun,1092
25,72,사실,noun,122
25,138,동안,noun,207
25,38,듣다,verb,106
25,47,기분,noun,466
25,23,전하다,verb,418
25,12,일,number,1067
25,2,모호하다,adjective,1101
26,4,동네,noun,789
26,3,손자,noun,1101
26,91,가다,verb,32
26,6,자식,noun,563
26,141,싶다,auxiliary verb,83
27,34,미터,dependent noun,562
27,25,읽다,verb,233
27,17,이후,noun,245
27,9,지나가다,verb,628
28,46,입,noun,305
28,20,생기다,auxiliary verb,1163
28,124,안,noun,125
29,18,옮기다,verb,541
29,2,이하,noun,868
29,80,모든,article,109
30,8,적히다,verb,1069
30,2,날짜,noun,1064
30,9,태어나다,verb,530
30,43,이름,noun,220
30,156,그리고,conjunction,46
31,5,어머니,noun,133
31,31,사랑,noun,267
31,188,받다,verb,52
32,44,또,adverb,1168
32,141,오다,verb,39
33,9,어쩌다,verb,635
34,11,인생,noun,525
34,31,놓다,auxiliary verb,142
34,3,부적절하다,adjective,1154
34,11,완벽,noun,1159
34,51,이것,pronoun,165
34,9,너무나,adverb,755
35,40,무엇,pronoun,128
35,55,어디,pronoun,182
35,130,어떻다,adjective,82
35,3,맞이,noun,1171
35,10,혹은,conjunction,568
35,26,아무것,noun,852
35,5,글귀,noun,1136
36,34,제일,noun,656
36,71,머리,noun,303
36,11,좋아하다,verb,450
36,6,어땠,adjective,10000
36,4,유머,noun,1134
36,55,어떤,article,63
36,5,색,noun,904
36,5,성향,noun,1052
36,11,절대,adverb,1011
36,11,감각,noun,808
36,28,모양,noun,526
37,13,외,dependent noun,629
38,31,그래,exclamation,387
39,4,그걸로,pronoun,10000
39,262,생각,noun,70
39,18,충분,noun,1169
40,19,싫다,adjective,610
40,6,방문,noun,959
40,25,이곳,pronoun,526
41,24,바닥,noun,780
41,2,도서관,noun,1042
41,41,함께,adverb,105
41,12,찢다,verb,1103
41,50,순간,noun,396
41,34,아침,noun,412
41,50,이야기,noun,205
41,56,어느,article,140
41,6,와플,noun,10000
41,6,전날,noun,1069
41,6,경련,noun,1153
41,70,다음,noun,98
41,15,밤,noun,280
41,3,부엌,noun,973
41,3,섞다,verb,987
41,135,뇌,noun,859
41,53,일어나다,verb,210
41,14,쓰러지다,verb,923
41,2,반죽,noun,1160
42,81,두다,auxiliary verb,381
42,4,바닐라,noun,1168
43,64,같이,adverb,203
43,140,되다,verb,6
43,134,위하다,verb,33
43,7,늙은이,noun,1135
44,7,소용,noun,1096
44,72,그게,pronoun,10000
44,33,훨씬,adverb,584
44,98,무슨,article,213
44,19,도대체,adverb,805
45,8,뼈,noun,972
45,15,예전,noun,944
45,2,썩다,verb,1029
45,3,무더기,noun,1124
45,4,고기,noun,921
46,28,그저,adverb,748
46,68,뿐,dependent noun,167
48,2,지옥,noun,1101
48,85,데,dependent noun,67
48,30,아무,article,627
49,21,조각,noun,1034
49,9,낫다,adjective,867
49,2,차라리,adverb,922
50,98,그런,article,41
50,22,변하다,verb,538
50,34,나이,noun,427
50,75,먹다,verb,104
51,2,단지,adverb,1170
51,11,상관,noun,1066
52,66,남다,verb,268
52,65,그것,pronoun,50
52,100,게,dependent noun,10000
53,8,감사,noun,1019
53,5,싫어하다,verb,970
53,42,하다,auxiliary verb,9
54,26,그립다,adjective,1073
55,13,장소,noun,741
55,15,편,dependent noun,709
55,6,그리워하다,verb,1105
55,32,쉽다,adjective,249
56,3,머물다,verb,968
56,30,오래,adverb,851
57,9,머무르다,verb,969
57,57,적,dependent noun,321
58,32,느끼다,verb,130
58,4,아픔,noun,999
58,149,시간,noun,97
58,2,다시금,adverb,1104
59,18,멍청하다,adjective,1125
59,225,다른,article,85
59,8,상기,noun,1166
59,41,늙다,verb,881
59,12,바보,noun,1013
59,32,말다,verb,561
59,16,또한,conjunction,573
60,48,돌리다,verb,446
60,33,떠나다,verb,361
60,21,돌아보다,verb,867
60,31,나다,auxiliary verb,374
60,183,몸,noun,158
61,15,노력,noun,522
61,254,내,pronoun,10000
61,11,기울이다,verb,803
61,40,테,dependent noun,10000
61,5,지나치다,verb,1050
61,16,그곳,pronoun,607
62,2,와본,verb,10000
63,12,가치,noun,302
63,17,그리,adverb,905
64,5,돌이키다,verb,1090
64,18,서명,noun,1114
64,33,별로,adverb,657
65,45,너무,adverb,227
65,8,모병,noun,10000
65,4,마을,noun,484
65,7,사무소,noun,1116
66,5,차,noun,347
66,30,몰다,verb,933
67,7,특징,noun,643
67,68,잡다,verb,202
67,3,정면,noun,1057
68,8,주,noun,985
68,69,점,noun,113
68,6,한쪽,noun,811
68,14,정부,noun,116
68,7,반대쪽,noun,1151
68,5,문신,noun,1131
69,13,심각,noun,1163
69,93,들어가다,verb,163
69,4,안다,verb,767
70,16,바깥,noun,1016
70,2,밋밋하다,adjective,1157
71,12,이루어지다,verb,296
71,24,컴퓨터,noun,346
71,60,앉다,verb,195
71,22,벽,noun,685
71,79,앞,noun,76
71,9,의자,noun,878
71,49,뒤,noun,103
71,4,책상,noun,854
71,5,두르다,verb,1089
71,28,여섯,number,1156
72,5,부,noun,1076
72,9,탁자,noun,1057
72,2,뉴스,noun,524
72,61,정보,noun,261
73,31,물론,adverb,285
75,15,포함,noun,1107
76,241,같다,adjective,21
76,90,새롭다,adjective,157
77,70,많다,adjective,43
77,60,그렇게,adverb,1171
77,18,병관,noun,
77,18,모,article,1095
77,6,적어도,adverb,875
78,15,가슴,noun,365
78,76,나오다,verb,55
79,20,뭔가,pronoun,10000
79,2,입력,noun,1147
79,78,눈,noun,113
79,6,바쁘다,adjective,817
80,4,잠시,noun,926
80,44,기다리다,verb,329
81,17,열리다,verb,330
81,117,소리,noun,91
81,53,문,noun,323
81,3,반사,noun,1124
81,3,중얼거리다,verb,971
82,67,쓰다,verb,171
82,19,신경,noun,506
83,89,여기,pronoun,146
83,325,거,dependent noun,14
84,2,냉소,noun,1160
84,13,간,noun,1083
84,7,늘,adverb,580
84,21,당하다,adjective,1163
84,213,그렇다,adjective,35
84,22,농담,noun,1048
84,11,무시,noun,1153
85,19,확인,noun,1034
85,6,다행,noun,1056
85,12,그대로,adverb,328
85,10,꼴,noun,920
86,17,끝내다,verb,867
87,2,온,article,879
87,3,겁니까,dependent noun,10000
87,15,겁니까,dependent noun,10000
88,145,물다,verb,914
88,12,여전히,adverb,659
89,48,뭐,pronoun,95
91,2,되풀이,noun,1157
92,73,나가다,auxiliary verb,338
92,5,밝히다,verb,204
92,30,복무,noun,1142
92,2,의향,noun,1152
93,27,아,exclamation,255
94,6,시선,noun,583
94,2,그제야,adverb,1090
95,12,너머,noun,1019
95,39,던지다,verb,624
95,24,뜨다,verb,844
95,4,가늘다,adjective,1040
95,3,눈길,noun,837
97,57,맞다,verb,340
99,12,주의,noun,1055
100,9,대개,adverb,937
100,30,맞추다,verb,515
101,20,공식,noun,876
101,9,일,dependent noun,45
102,8,셋,number,1059
102,20,오늘,adverb,445
103,3,전화,noun,304
104,58,보이다,verb,80
105,27,그거,pronoun,111
105,42,고맙다,adjective,811
106,6,최초,noun,748
106,32,게,dependent noun,10000
107,11,이다,verb,1131
108,12,당연,noun,1170
109,44,찾다,verb,181
109,31,상대,noun,657
109,3,어슬렁거리다,verb,1155
109,8,노인,noun,436
109,292,있다,adjective,5
110,4,부근,noun,1030
111,6,겁,noun,1020
111,2,악마,noun,1116
112,18,관심,noun,286
112,3,밀어내다,verb,1118
112,15,마침내,adverb,823
112,7,쏟다,verb,937
112,6,온전,noun,1171
113,15,그럼,conjunction,451
113,5,신분증,noun,1153
114,4,알,noun,998
114,112,하지만,conjunction,254
114,3,누군지,pronoun,10000
115,12,확실,noun,1170
116,58,얼굴,noun,136
116,2,그림자,noun,851
116,23,미소,noun,810
117,34,이렇다,adjective,89
117,6,수다,noun,1136
117,4,매일,adverb,876
117,4,마련,dependent noun,860
118,4,국가,noun,218
118,5,건네다,verb,1036
119,12,꺼내다,verb,592
119,24,밀다,verb,885
119,3,꽂다,verb,1050
119,64,내,article,10000
119,4,패드,noun,1169
120,2,손바닥,noun,1026
120,34,올리다,verb,409
120,65,위,noun,119
120,35,끝,noun,312
121,3,지문,noun,1156
121,10,내려놓다,verb,999
122,3,군,dependent noun,989
123,4,한참,noun,791
123,36,만,dependent noun,678
124,28,돌아오다,verb,434
124,96,이제,adverb,201
126,16,이번,noun,194
127,42,방위군,noun,10000
127,184,되다,adjective,1171
127,69,지다,verb,930
127,8,책임,noun,588
127,8,교육,noun,250
127,135,개척,noun,1129
127,193,우주,noun,543
127,10,의무,noun,991
127,5,예비,noun,1084
128,13,내용,noun,176
128,10,하루,noun,398
128,11,내내,adverb,982
128,2,말투,noun,1068
128,16,생활,noun,185
128,3,직장,noun,813
129,17,기간,noun,552
129,3,자료,noun,437
129,7,추가,noun,991
129,10,귀,noun,642
130,54,이해,noun,689
130,22,설명,noun,767
130,32,완전히,adverb,616
130,11,시점,noun,971
130,17,아니면,conjunction,10000
130,2,단언,noun,10000
130,18,맡다,verb,559
131,16,요구,noun,720
131,98,지금,adverb,154
131,2,이익,noun,756
133,13,마시다,verb,342
133,7,역사,noun,334
133,10,도넛,noun,1166
133,111,안,adverb,48
133,16,무리,noun,1037
133,2,늘어놓다,verb,1051
133,2,센터,noun,1007
133,46,인류,noun,823
133,4,앞부분,noun,1142
133,11,기관원,noun,
133,8,커피,noun,587
134,2,여느,article,1107
134,30,비슷,noun,1171
134,122,후,noun,141
134,2,팸플릿,noun,
134,78,보이다,auxiliary verb,1164
134,2,지루하다,adjective,1071
135,3,응답,noun,1114
135,20,실제,noun,910
135,22,남자,noun,155
135,2,일원,noun,1136
136,2,고용,noun,1093
136,20,지역,noun,164
137,26,짧다,adjective,692
137,8,의료,noun,832
137,70,부분,noun,312
138,6,안쪽,noun,1077
138,24,의사,noun,655
138,8,뺨,noun,1091
138,2,세포,noun,849
138,8,뽑다,verb,816
138,3,긁다,verb,1105
138,35,피,noun,804
138,42,들어오다,verb,243
139,8,통과,noun,1124
140,18,똑같다,adjective,809
141,127,시작,noun,814
141,24,버리다,auxiliary verb,124
145,31,끄덕이다,verb,958
145,4,펜,noun,1129
145,8,종이,noun,850
145,58,고개,noun,348
146,5,각,article,390
146,34,아래,noun,401
146,4,문단,noun,1106
146,13,붙다,verb,661
147,5,서류,noun,1064
147,24,알아보다,verb,706
148,7,몹시,adverb,920
149,9,된다는,verb,10000
151,44,겁니다,dependent noun,10000
151,25,제,noun,1167
151,13,드리다,verb,797
152,59,바로,adverb,160
152,4,적다,verb,886
152,20,받아들이다,verb,558
153,37,질문,noun,689
153,15,끝나다,verb,348
158,6,조,number,10000
158,4,자유,noun,531
158,41,없이,adverb,151
158,3,자원입대,noun,
158,20,본인,noun,989
158,11,최소,noun,1141
159,2,불가피,noun,1170
159,5,연장,noun,1081
159,6,의하다,verb,102
159,3,최대,noun,780
159,46,경우,noun,66
159,7,또는,conjunction,222
160,2,조항,noun,1021
160,7,총,article,959
162,26,실제로,adverb,644
162,53,얼마나,adverb,331
162,20,궁금,noun,1167
162,11,넘어가다,verb,864
162,6,대충,adverb,1037
162,70,그러나,conjunction,37
163,10,리,dependent noun,972
164,58,못하다,adjective,1107
164,20,소식,noun,833
164,3,격리법,noun,
164,29,전쟁,noun,398
165,78,정도,noun,84
165,18,평화,noun,827
167,63,따르다,verb,53
167,17,동의,noun,935
167,2,소지,noun,1091
167,28,무기,noun,886
167,46,연맹,noun,1121
167,17,적,noun,1024
167,28,사용,noun,804
169,87,전투,noun,1035
169,53,명령,noun,970
169,4,윤리,noun,949
169,2,회피,noun,1150
169,11,종교,noun,830
170,2,몇,number,1111
170,3,양심,noun,1074
170,2,주장,noun,584
170,6,자원,noun,883
172,2,이행,noun,1134
172,27,사령부,noun,1148
172,3,통합,noun,944
172,3,규정,noun,954
172,3,지시,noun,1011
174,26,계획,noun,317
174,9,강화,noun,929
174,5,판단,noun,762
174,3,전투태세,noun,10000
174,2,내과,noun,1158
174,8,절차,noun,856
174,3,외과,noun,1145
174,17,치료,noun,749
176,4,비롯,noun,1171
176,7,해,noun,581
176,4,수많다,adjective,824
176,61,이유,noun,234
177,2,수명,noun,1097
177,12,내,dependent noun,436
177,2,할아버지,noun,699
177,56,방법,noun,174
177,14,과거,noun,489
177,6,무렵,dependent noun,830
178,170,당신,pronoun,324
180,14,벌어지다,verb,826
180,6,엉망,noun,1119
180,2,문제점,noun,883
180,4,한꺼번에,adverb,994
180,8,욕,noun,1026
180,14,이,number,1057
181,6,노화,noun,1107
181,40,멈추다,verb,708
182,9,장기,noun,1037
182,8,이식,noun,1114
182,12,유전자,noun,1088
182,4,요법,noun,1043
183,4,세월,noun,799
183,7,잡히다,verb,833
184,6,터지다,auxiliary verb,1163
184,10,심장,noun,908
184,3,새로,adverb,780
184,8,폐,noun,1094
184,6,달다,verb,946
185,2,오르다,verb,336
185,3,부풀다,verb,1079
185,31,새,article,440
186,20,바꾸다,verb,419
186,2,습격,noun,1151
186,5,뇌졸중,noun,1111
187,7,수단,noun,714
187,2,비장,noun,1154
187,12,내놓다,verb,741
187,23,이거,pronoun,252
188,2,뇌다,verb,1164
188,62,아직,adverb,198
188,7,교체,noun,1063
189,11,기대,noun,788
189,17,지,dependent noun,694
189,44,살,dependent noun,462
189,18,올라가다,verb,527
190,8,신,noun,710
190,153,다시,adverb,75
192,42,나머지,noun,758
193,34,거의,adverb,283
194,203,보다,verb,16
195,4,서른,number,1152
195,4,쉰,number,1167
195,19,자신,noun,64
195,5,헤치다,verb,1077
195,39,다섯,number,1139
195,38,아니,exclamation,623
195,9,세상,noun,246
196,33,내리다,verb,239
196,2,금방,adverb,992
196,28,길,noun,191
196,16,육체,noun,1027
196,3,예순,number,1169
197,6,누다,verb,1115
197,12,숨,noun,666
197,32,네,article,661
197,11,일흔,number,1162
197,71,친구,noun,200
197,2,쯤,noun,10000
197,9,오줌,noun,1073
198,6,건강,noun,659
198,18,그래도,conjunction,10000
199,3,거래,noun,795
199,3,맞바꾸다,verb,1170
199,2,전쟁터,noun,1141
200,8,차이,noun,504
200,4,여든,number,1164
200,7,특히,adverb,192
200,3,애초,noun,1057
201,3,흐름,noun,820
202,5,아래쪽,noun,1126
202,143,모르다,verb,60
202,19,아무,pronoun,752
203,2,베끼다,verb,1133
203,271,그,pronoun,13
203,17,성공,noun,935
203,74,지구,noun,625
203,6,과학자,noun,971
204,5,부족,noun,964
206,7,물어보다,verb,864
206,2,전역,noun,1094
207,5,설령,adverb,1119
207,12,역시,conjunction,858
207,31,개척민,noun,
207,19,마찬가지,noun,503
208,2,각국,noun,1025
208,3,영역,noun,670
208,28,밖,noun,267
209,40,누구,pronoun,114
209,63,그러다,verb,73
209,20,도움,noun,572
210,5,비밀,noun,881
210,9,결정,noun,570
210,4,금지,noun,1029
210,3,의회,noun,925
210,6,대통령,noun,196
211,8,법,dependent noun,818
212,5,말없이,adverb,1032
212,5,짐,noun,937
213,15,기다,adjective,1171
213,35,그러면,conjunction,490
213,9,나서다,verb,383
214,2,단서,noun,1132
215,14,만드,verb,10000
217,3,더불다,verb,831
217,2,체,exclamation,1170
217,3,시민,noun,443
217,95,행성,noun,1048
217,6,소속,noun,1004
217,6,정치,noun,179
217,6,거주,noun,1133
217,2,특권,noun,1118
217,2,말소,noun,1167
218,7,구체,noun,1162
219,9,배치,noun,1117
219,2,완료,noun,1160
219,27,개척지,noun,1171
219,11,인지,noun,1125
219,4,나아가다,verb,743
220,2,다시다,verb,1152
220,2,간단히,adverb,1002
220,22,고향,noun,618
220,21,얘기,noun,149
221,7,요점,noun,1156
222,2,생명체,noun,1085
222,5,외계,noun,1147
222,4,당시,noun,287
222,29,법,noun,594
222,8,보호,noun,828
222,2,재앙,noun,1135
222,6,인하다,verb,509
222,5,찬성,noun,1121
223,22,재미있다,adjective,716
223,3,인구,noun,829
223,6,영원히,adverb,1034
223,75,분,dependent noun,335
223,7,고립,noun,1151
223,30,잃다,verb,535
224,2,열광,noun,1163
225,3,잊어버리다,verb,1015
225,2,새까맣다,adjective,1138
225,5,질리다,verb,1083
226,19,추진,noun,922
226,16,여행,noun,695
226,2,소유,noun,990
226,9,간,dependent noun,270
226,2,집단,noun,518
226,77,도약,noun,1120
226,74,가능,noun,1125
226,73,우주선,noun,1153
228,10,현실,noun,306
229,16,어차피,adverb,1014
229,4,데려다,verb,10000
230,9,통신,noun,543
230,3,독점,noun,1064
230,6,추진기,noun,
230,9,조종,noun,1161
230,33,사이,noun,155
230,17,직접,adverb,510
231,5,싣다,verb,848
231,21,전언,noun,1159
232,8,행운,noun,1102
232,2,마지못하다,adjective,1123
232,10,데이터,noun,1089
233,22,신호,noun,971
233,2,설치,noun,995
233,3,밀려오다,verb,1118
233,2,알파,noun,1160
233,4,전파,noun,1108
233,21,가깝다,verb,1130
233,2,광년,dependent noun,1137
234,5,떨다,verb,819
234,26,어렵다,adjective,196
235,2,대목,noun,1014
235,57,대부분,noun,363
236,3,등,noun,693
236,26,전혀,adverb,403
236,3,쌓다,verb,898
236,21,경험,noun,507
237,42,삶,noun,226
237,3,고,noun,1104
237,2,지독하다,adjective,1108
237,4,안녕,noun,1158
241,17,빠른,adjective,10000
241,12,오,number,1096
241,5,관련,noun,397
241,17,주,dependent noun,999
241,4,최종,noun,993
241,57,타다,verb,375
241,2,오하,noun,10000
241,30,발,noun,551
241,3,문서,noun,1009
241,5,사망,noun,1080
242,2,재산,noun,831
242,3,분배,noun,1076
244,12,기록,noun,634
244,16,이전,noun,675
244,2,무효,noun,1135
244,2,소멸,noun,1149
245,17,시간,dependent noun,495
245,149,주다,verb,100
245,14,요청,noun,1026
245,2,고문,noun,1083
247,16,셈,dependent noun,685
247,9,목숨,noun,928
249,2,돌려주다,verb,1104
251,47,대답,noun,802
252,3,인격,noun,1050
252,6,생명,noun,498
252,4,살인,noun,1032
252,9,소지품,noun,1156
252,2,유언,noun,1160
252,5,권리,noun,866
252,2,보험,noun,1007
252,4,지급,noun,1092
252,25,빼다,verb,818
252,7,이르다,verb,307
253,50,죽이다,verb,749
253,15,누가,pronoun,10000
253,30,그러니까,conjunction,500
253,6,영향,noun,478
253,15,튀어나오다,verb,1048
254,31,흠,exclamation,1151
255,6,적용,noun,1034
255,3,죄,noun,792
255,7,걸요,dependent noun,10000
255,5,살해,noun,1142
256,8,멋지다,adjective,1017
258,3,투,dependent noun,1131
258,9,고통,noun,645
258,2,변함없이,adverb,1147
259,23,가지다,verb,74
259,2,보통,adverb,923
260,26,지금,noun,139
262,12,자동,noun,1037
262,2,성함,noun,1149
263,5,취소,noun,1128
264,4,다만,conjunction,659
264,3,명심,noun,10000
265,20,기회,noun,513
268,7,아니오,exclamation,1164
269,5,티켓,noun,1159
269,17,처리,noun,805
270,59,돌아가다,verb,442
270,12,누르다,verb,843
271,3,출력,noun,1153
271,28,잠시,adverb,640
271,37,걸리다,verb,350
274,29,결혼,noun,549
275,38,그걸,pronoun,10000
276,11,정말로,adverb,1023
277,18,언제나,adverb,638
278,9,짜증,noun,1055
278,35,정말,adverb,314
281,124,건,dependent noun,10000
285,41,진짜,adverb,900
285,16,차다,verb,751
285,24,신병,noun,1164
285,8,밑,noun,553
285,2,관리,noun,565
285,6,회사,noun,315
285,2,모집,noun,1097
285,29,직원,noun,750
289,10,쓰이다,verb,579
289,8,조직,noun,354
291,17,놀라다,verb,476
291,47,만큼,dependent noun,423
291,2,봉급,noun,1139
292,4,꾸미다,verb,946
292,9,돈,noun,186
293,9,어쨌거나,conjunction,10000
293,29,씨,dependent noun,65
294,36,그건,pronoun,10000
296,10,인정,noun,1087
297,9,마누라,noun,1085
297,154,난,pronoun,10000
299,12,으쓱,adverb,1170
299,19,어깨,noun,695
300,18,전,article,615
301,82,걸,dependent noun,10000
302,19,자체,noun,322
302,5,오,exclamation,1107
302,84,가다,adjective,1171
302,7,이제,noun,400
303,12,크기,noun,788
303,4,웅,noun,1171
303,14,낮다,adjective,606
303,7,물체,noun,946
304,19,내밀다,verb,817
306,4,증명,noun,1137
308,9,출발,noun,1022
308,2,사흘,noun,1039
308,2,버스,noun,791
308,2,공항,noun,1077
309,22,시각,noun,877
309,4,오전,noun,784
309,13,시,dependent noun,236
310,2,일찍,adverb,884
310,5,권장,noun,1164
311,28,물건,noun,686
311,12,고르다,verb,900
311,3,제한,noun,911
311,3,가방,noun,822
311,33,바라다,verb,474
312,4,델타,noun,1168
312,7,비행,noun,1099
312,3,오후,noun,520
313,21,빠르다,adjective,534
313,37,도착,noun,1117
314,11,스톡,noun,1169
314,3,휴식,noun,1066
314,10,취하다,verb,730
314,34,선택,noun,750
314,2,마중,noun,1152
315,20,정거장,noun,1151
316,2,콩대,noun,
316,3,엘리베이터,noun,1103
316,18,궤도,noun,1097
316,2,별명,noun,1056
316,2,착안,noun,1164
316,13,뻗다,verb,994
318,10,늦다,adjective,769
319,5,단,article,877
320,34,이,pronoun,30
321,35,달리다,verb,757
321,6,제,article,1120
322,7,표정,noun,374
324,8,압,noun,1160
325,5,죄송,noun,1171
326,3,수술,noun,913
326,9,어리다,verb,1072
326,11,제거,noun,1130
329,13,일어서다,verb,931
329,88,손,noun,175
330,3,아아,exclamation,1077
332,11,축하,noun,1105
333,16,별,noun,616
334,11,진심,noun,1101
339,3,해산,noun,1161
340,52,향하다,verb,392
340,4,가로지르다,verb,1075
341,33,그쪽,pronoun,981
341,32,걸어가다,verb,912
343,25,그런데,conjunction,166
346,2,위쪽,noun,1125
346,44,가리키다,verb,773
347,6,어쩌면,adverb,834
347,25,저,article,417
349,3,전망,noun,708
349,24,누군가,pronoun,10000
349,14,겨우,adverb,834
350,8,멀다,adjective,549
350,4,점점,adverb,709
351,11,광경,noun,1077
351,7,가장자리,noun,1127
351,10,지켜보다,verb,883
352,2,개미,noun,1074
353,49,서다,verb,215
353,2,낄낄거리다,verb,1164
353,46,리언,noun,10000
355,35,열다,verb,264
355,36,마음,noun,117
355,4,집어던지다,verb,1164
355,2,굴뚝같다,adjective,1168
355,7,창문,noun,915
355,5,뜯다,verb,1067
356,3,안타깝다,adjective,961
356,16,열,number,1149
357,12,플랫,noun,1171
357,12,폼,noun,1145
357,2,복합,noun,1128
357,2,투명,noun,1155
357,3,탑승객,noun,1169
359,4,높이,adverb,990
359,11,산소,noun,1007
359,25,폭발,noun,1136
359,2,감압,noun,1171
359,5,유용,noun,1168
359,2,결핍,noun,1144
360,6,갑작스럽다,adjective,1104
360,4,품,noun,1056
361,3,실로,adverb,1059
363,9,꽉,adverb,1029
363,4,소시지,noun,1143
363,2,맥주,noun,1014
364,14,반,noun,718
365,6,날아오다,verb,1088
365,47,괜찮다,adjective,710
365,3,방귀,noun,1130
365,20,이론,noun,464
365,7,구성,noun,750
366,3,방송,noun,470
367,2,따돌리다,verb,1138
367,17,비다,auxiliary verb,1169
367,45,줄,dependent noun,343
367,40,첫,article,469
368,14,쉬다,verb,770
368,2,온종일,noun,1141
368,10,꼭,adverb,405
368,2,배출,noun,1128
370,3,견디다,verb,809
371,2,뛰어내리다,verb,1127
371,8,플랫폼,noun,1153
371,5,나라,noun,250
372,7,창,noun,1008
372,2,핑계,noun,1102
372,10,묶다,verb,987
372,11,대다,verb,688
372,4,변명,noun,1109
372,8,화장실,noun,878
372,15,벗어나다,verb,568
372,9,즉,adverb,270
372,16,유일,noun,1146
373,2,툴툴거리다,verb,1170
373,12,허락,noun,1121
374,2,반시,noun,10000
374,20,방향,noun,473
375,7,띄다,verb,968
377,3,쯤,dependent noun,10000
377,5,지름,noun,1119
378,15,구멍,noun,969
378,7,미끄러지다,verb,1095
378,3,폭,noun,871
379,10,케이블,noun,1098
379,16,약간,adverb,785
379,35,분명,adverb,1008
381,5,수천,number,1165
381,14,이어지다,verb,639
381,13,킬로미터,dependent noun,792
381,13,충분히,adverb,823
382,8,편안,noun,1171
382,5,칸막이,noun,1132
382,2,채워져,verb,10000
382,7,공간,noun,507
382,5,게임,noun,629
383,2,잔뜩,adverb,964
383,3,내다보다,verb,1018
385,72,쏘다,verb,1000
385,2,느닷없이,adverb,1103
385,2,로비,noun,1029
385,3,정지,noun,1070
385,25,전체,noun,391
386,5,숨다,verb,929
386,5,구조,noun,273
386,2,단점,noun,1092
387,8,섞이다,verb,1008
387,18,발사,noun,1138
387,3,하중,noun,1157
388,29,위치,noun,750
388,14,근처,noun,931
388,6,그나마,adverb,1011
388,5,중앙,noun,785
388,4,매점,noun,1156
389,33,가장,adverb,112
389,23,피하다,verb,608
389,3,차단,noun,1162
390,22,놀랍다,adjective,936
390,3,불쾌,noun,1169
390,19,감정,noun,625
390,4,했어도,auxiliary verb,10000
392,21,그때,noun,186
392,4,작별,noun,1147
392,3,정리,noun,972
392,7,인사,noun,866
393,3,변경,noun,1100
393,2,거치다,verb,565
393,2,공동,noun,590
393,16,원래,adverb,1171
395,2,더미,noun,1105
396,15,가족,noun,284
396,13,나누다,verb,289
398,24,많이,adverb,126
399,10,다양,noun,1166
399,2,놀라움,noun,1143
400,25,일단,adverb,567
401,29,다르다,adjective,184
401,41,이건,pronoun,10000
402,9,어딘가,pronoun,10000
403,70,자기,pronoun,107
403,26,게다가,adverb,890
403,4,합류,noun,1164
404,7,조금,noun,580
404,12,수백,number,1167
404,16,느낌,noun,433
404,59,아,verb,10000
404,2,마차,noun,1061
405,7,울다,verb,512
405,9,각자,noun,1049
406,4,간다는,verb,10000
406,17,다니다,verb,319
408,15,상처,noun,901
408,25,식사,noun,866
408,15,옛,article,886
409,26,났,verb,10000
409,53,잘,adverb,90
410,3,용서,noun,1095
410,20,구하다,verb,644
410,3,결코,adverb,632
410,24,미안,noun,1160
410,21,침대,noun,825
412,3,나아지다,verb,1103
412,16,이쪽,pronoun,959
413,2,뇌수,noun,1167
413,3,빌다,verb,1033
413,6,먹히다,verb,1139
413,12,외계인,noun,1147
413,5,저주,noun,1126
413,4,사과,noun,1060
413,2,고집,noun,1099
416,2,부자간,noun,1164
416,2,다투다,verb,1021
417,3,아버지,noun,156
417,8,계속,noun,1140
417,25,대,dependent noun,516
418,49,처음,noun,168
418,7,화,noun,885
418,13,불,noun,573
419,3,아대륙,noun,
419,9,반대,noun,780
420,8,가르치다,verb,658
420,2,폭력,noun,812
420,22,답,noun,989
421,11,시키다,verb,687
421,25,사격,noun,1113
421,3,외출,noun,1079
422,29,조금,adverb,582
423,3,미래,noun,726
423,2,대륙,noun,1015
424,18,싸움,noun,841
424,50,버리다,verb,687
425,16,깨달,verb,10000
425,24,중요,noun,1109
426,3,한동안,noun,960
426,22,서로,adverb,294
426,22,서로,noun,809
427,3,무척,adverb,895
428,3,그릇,noun,982
429,2,자랑,noun,1088
429,9,똑같이,adverb,1009
429,3,성장,noun,765
429,7,담다,verb,645
430,5,공,noun,962
430,7,잡담,noun,1147
430,4,오랫동안,noun,918
430,29,모습,noun,147
430,8,사소하다,adjective,1072
430,4,튀기다,verb,1154
431,3,헤어지다,verb,965
431,10,품다,verb,985
432,14,원하다,verb,647
432,19,대로,dependent noun,540
433,42,목소리,noun,401
433,17,들리다,verb,594
433,7,날카롭다,adjective,1003
433,11,대꾸,noun,1096
434,5,건너편,noun,1104
435,8,불쌍,noun,1171
436,19,정신,noun,337
436,5,압도,noun,1171
437,17,다가가다,verb,926
439,3,깔다,verb,1052
439,2,댁,noun,1087
439,2,신세계,noun,1142
439,8,공평,noun,1169
439,8,새끼,noun,852
439,3,지랄,noun,1149
439,95,놈,dependent noun,482
439,2,미국인,noun,1170
443,11,확실히,adverb,1011
445,14,표면,noun,975
445,2,지우다,verb,992
447,2,소리치다,verb,1008
448,33,날리다,verb,989
448,15,좆,noun,1153
449,13,이기다,verb,788
450,22,뭐,exclamation,251
451,35,좀,adverb,81
452,4,맹세,noun,1158
452,14,그놈,pronoun,1082
452,21,지키다,verb,438
453,15,자,dependent noun,557
453,5,성경,noun,883
453,7,약하다,adjective,846
454,15,망하다,verb,1069
455,214,자네,pronoun,708
455,2,구절,noun,1056
455,30,의미,noun,208
459,6,히죽,adverb,1155
460,4,돌아서다,verb,913
461,2,이분,pronoun,1110
462,3,깔리다,verb,1003
464,5,눈썹,noun,1106
464,5,사귀다,verb,1004
464,39,알리다,verb,274
464,14,살짝,adverb,1074
468,5,반갑다,adjective,993
470,10,읊다,verb,1118
470,9,잘못,adverb,929
471,2,산상,noun,1170
471,2,수훈,noun,1169
472,3,보상,noun,1074
472,3,벌,noun,1103
472,2,복,noun,1090
472,41,저희,pronoun,638
473,4,뀌다,verb,1149
473,3,콧방귀,noun,1162
473,4,껌벅이,verb,
474,4,마태,noun,10000
476,9,갈색,noun,1088
476,12,엉덩이,noun,1030
478,9,벌리다,verb,1045
478,166,제시,noun,1120
479,2,핍박,noun,1169
479,2,의,noun,1143
481,17,딱,adverb,947
483,11,차지,noun,1135
483,39,믿다,verb,363
483,3,은하계,noun,
484,8,채우다,verb,870
484,8,당연히,adverb,980
485,8,내보내다,verb,1091
485,20,젠장,exclamation,1154
486,4,불알,noun,1162
488,5,마땅,noun,1171
489,3,행복,noun,963
489,37,말다,auxiliary verb,129
496,96,너희,pronoun,760
498,9,기도,noun,965
499,17,하늘,noun,344
499,2,하나님,noun,661
499,2,비,noun,561
499,5,계시다,verb,872
501,5,맛,noun,656
502,26,빨리,adverb,560
502,4,지방,noun,415
502,12,덩어리,noun,1085
510,2,교회,noun,815
510,10,주민,noun,598
510,8,천,number,1168
510,126,명,dependent noun,71
513,2,뭡니까,pronoun,10000
514,4,수업,noun,843
514,3,카톨릭,noun,1171
514,3,학교,noun,217
515,8,학년,noun,509
515,3,상,noun,968
516,4,들어서다,verb,548
516,4,외우다,verb,1071
516,36,못,adverb,238
516,12,세우다,verb,345
516,5,담기다,verb,913
516,3,가게,noun,904
517,10,어쨌든,adverb,900
519,2,비판,noun,856
521,24,바,dependent noun,429
523,13,달리,adverb,602
524,13,벌써,adverb,644
525,2,좇다,verb,1125
525,2,모험,noun,1119
527,2,경멸,noun,1158
528,4,설마,adverb,1092
534,2,대상,noun,323
534,7,걸로,dependent noun,10000
537,6,세계,noun,121
541,11,창밖,noun,1020
542,4,우습다,adjective,1022
543,2,어제,noun,981
549,34,그냥,adverb,271
550,7,꿈,noun,435
550,9,키우다,verb,805
550,5,떼,noun,1023
550,7,챙기다,verb,850
550,3,소설,noun,451
550,5,꾸다,verb,1022
550,2,감마,noun,1169
550,2,땅벌레,noun,
550,3,아르크투루스,noun,
550,2,드라마,noun,658
551,2,감당,noun,1163
551,33,뜻,noun,277
551,3,출신,noun,706
552,4,소,noun,1001
553,4,실망,noun,1101
556,3,대학,noun,258
556,5,자라다,verb,708
557,4,만,noun,1160
557,10,그러다가,conjunction,10000
557,2,신혼,noun,1132
558,9,남편,noun,326
561,2,비서,noun,1096
564,6,그렇지만,conjunction,866
565,4,달하다,verb,953
570,11,이,exclamation,974
573,12,지탱,noun,1171
574,4,믿음,noun,942
578,31,날다,verb,1044
584,14,지도,noun,933
585,49,말씀,noun,528
585,6,물리,noun,1111
585,4,법칙,noun,925
586,19,음식,noun,597
586,2,합석,noun,1170
587,7,거기,pronoun,310
588,16,다가오다,verb,681
589,3,초대,noun,1129
590,11,물리학,noun,1095
594,12,씩,adverb,1124
596,3,관여,noun,1166
597,15,보통,noun,807
598,15,지상,noun,1010
599,14,아무래도,adverb,986
603,16,아프다,adjective,577
603,2,골,noun,910
603,32,걱정,noun,724
604,7,이걸,pronoun,10000
605,7,그리다,verb,424
605,30,원,noun,1093
606,18,이게,pronoun,10000
611,2,자전,noun,1141
612,4,매달리다,verb,955
613,8,따라오다,verb,1074
616,2,승강,noun,10000
616,5,위아래,noun,1151
616,28,연결,noun,1075
616,55,움직이다,verb,508
616,3,개념,noun,453
616,2,다발,noun,1139
616,8,기본,noun,589
617,3,표시,noun,1103
617,6,사각형,noun,1141
617,11,선,noun,791
618,25,속도,noun,656
618,4,이탈,noun,1138
618,2,이때,noun,545
618,39,로켓,noun,1156
620,2,코끼리,noun,1121
621,6,간단하다,adjective,899
623,2,인력,noun,872
623,2,초속,noun,1158
624,2,고전,noun,1072
624,8,기초,noun,795
626,20,그,exclamation,410
626,4,끄트머리,noun,1161
628,5,수만,number,1165
628,13,역할,noun,357
628,3,질량,noun,1107
628,10,균형,noun,959
629,12,안정,noun,861
629,19,식,dependent noun,576
629,11,위험,noun,894
632,3,안전,noun,986
632,15,최고,noun,473
633,15,넘다,verb,421
633,8,세기,noun,349
634,29,통하다,verb,88
635,4,사고,noun,763
636,7,유명,noun,1091
636,3,공작,noun,1106
636,4,역학,noun,1113
636,13,파괴,noun,1029
636,2,무관,noun,1168
636,3,폭파,noun,1164
637,2,경이,noun,1160
637,2,줄곧,adverb,1073
643,6,모른다는,verb,10000
646,6,불안,noun,884
647,4,교사,noun,783
647,7,불과,adverb,1035
648,2,모른다네,verb,
648,22,작동,noun,1125
653,10,백,number,1155
654,24,알아내다,verb,1054
656,11,시도,noun,1062
658,10,달다,auxiliary verb,657
658,3,원리,noun,694
658,9,건설,noun,771
662,33,계속,adverb,342
666,4,물리학자,noun,1143
666,2,아끼다,verb,1005
667,2,킬킬거리다,verb,1163
668,4,풀리다,verb,961
669,2,주로,adverb,554
670,7,첫째,number,857
670,9,복잡,noun,1163
671,3,현상,noun,309
671,3,강도,noun,1075
671,6,아까,adverb,819
671,6,진동,noun,1127
671,12,얼마,noun,425
671,13,지적,noun,922
672,14,풀다,verb,519
672,9,엄청나다,adjective,725
673,2,푸다,verb,1126
676,4,풀,noun,994
677,32,능력,noun,353
678,3,기대다,verb,1012
679,2,토,noun,1137
679,5,제너럴,noun,10000
679,2,사,number,1125
680,4,공사,noun,872
680,4,양,article,1050
680,5,찾아보다,verb,808
680,87,기술,noun,221
680,3,제안서,noun,1171
680,3,대다,auxiliary verb,573
680,4,뒤지다,verb,1065
680,3,응용,noun,1102
681,4,벌이다,verb,546
681,33,의식,noun,416
681,3,비용,noun,807
681,7,줄이다,verb,770
684,7,그러니,conjunction,1170
684,62,왜,adverb,135
687,8,보고서,noun,955
687,7,훑어보다,verb,1118
688,6,자,noun,893
688,2,사,noun,1067
688,7,연구,noun,260
689,2,적도,noun,1142
689,2,데다,verb,1153
690,2,관두다,verb,1146
691,6,접근,noun,981
691,70,배,noun,668
691,34,사실,adverb,492
691,7,주요,noun,716
691,5,가정,noun,575
691,2,예산,noun,871
691,2,국민,noun,219
693,2,묵다,verb,1131
695,9,싸다,adjective,1017
699,10,괴물,noun,1107
699,7,대체,adverb,1054
700,3,앞서,adverb,988
702,12,분명히,adverb,789
703,2,어째서,adverb,1169
704,84,인간,noun,96
706,26,방식,noun,402
706,33,살아남다,verb,1056
707,6,개량,noun,1133
707,7,차,dependent noun,556
707,3,성간,noun,
707,5,실질,noun,1142
707,8,개발,noun,411
708,10,똑바로,adverb,1094
709,14,앞서다,verb,813
709,23,갖다,verb,148
710,13,머릿속,noun,955
710,6,스치다,verb,992
711,3,커닝,noun,1165
716,126,해리,noun,10000
717,2,얘길,noun,10000
720,2,갇히다,verb,1051
721,69,우린,pronoun,10000
721,7,스스로,noun,848
721,10,배우다,verb,505
722,7,늘다,verb,867
722,15,발견,noun,1062
723,13,전부,adverb,1016
726,3,이어받다,verb,1144
728,3,교환,noun,1005
728,3,분해,noun,1076
728,3,기술자,noun,1080
729,14,혼자,noun,378
729,25,내다,auxiliary verb,180
733,4,공유,noun,1149
736,3,약,noun,857
741,9,위협,noun,1018
741,2,사실상,adverb,953
742,29,존재,noun,499
744,8,솔직히,adverb,1014
746,7,겨냥,noun,1160
748,66,모두,noun,641
749,2,우주여행,noun,1166
749,9,허용,noun,1081
750,4,지도자,noun,829
750,4,뛰어넘다,verb,1070
752,4,도전,noun,1000
755,3,장담,noun,1164
757,8,생기다,verb,257
759,4,불길,noun,1120
762,6,넓다,adjective,610
764,2,편집증,noun,1171
764,3,워낙,adverb,1031
764,16,건가,dependent noun,10000
769,2,득,noun,1155
769,6,참,dependent noun,1108
770,8,들어올리다,verb,1171
770,36,팔,noun,831
772,3,축,adverb,1144
772,2,형편없다,adjective,1145
773,21,기계,noun,677
774,17,건지,dependent noun,10000
776,3,저,verb,10000
778,12,떨어뜨리다,verb,1025
778,3,쿵,adverb,1150
780,18,상상,noun,1001
781,14,이동,noun,930
782,2,허나,conjunction,10000
784,3,정복,noun,1130
785,19,나쁜,adjective,10000
786,8,얼른,adverb,885
786,3,덧붙이다,verb,940
789,2,숙녀,noun,1157
789,3,신사,noun,1129
791,2,실마리,noun,1128
791,3,뛰어드,verb,10000
791,9,짐작,noun,1094
796,6,최선,noun,1002
796,11,대비,noun,1072
801,5,차리다,verb,885
803,3,방광,noun,1159
803,17,마주,adverb,973
806,9,자주,adverb,680
808,3,그만큼,adverb,888
812,26,군대,noun,958
816,5,잠,noun,569
817,11,집다,verb,948
819,5,전부,noun,1021
820,17,즐기다,verb,617
820,7,태세,noun,1118
820,3,낮잠,noun,1131
821,10,거대,noun,1124
821,29,식당,noun,929
821,11,순양함,noun,
821,19,누군가,pronoun,10000
825,11,서두르다,verb,894
825,8,예정,noun,649
825,16,곧,adverb,1163
826,4,호로,noun,10000
826,2,모욕,noun,1156
826,5,효율,noun,1131
826,6,맨,article,962
826,10,수십,number,1171
829,7,정확히,adverb,980
830,4,수송,noun,1093
830,11,익숙하다,adjective,977
831,2,끌리다,verb,1092
831,5,장난감,noun,1104
833,5,불행히,adverb,1152
835,6,아마도,adverb,955
835,2,찔리다,verb,1138
835,9,추정,noun,1097
835,8,가득,adverb,786
836,4,입구,noun,959
836,56,복선,noun,1170
836,28,수송선,noun,1166
836,8,태우다,verb,1031
836,57,왕,noun,860
837,14,멀리,adverb,813
838,2,달래다,verb,1054
838,13,강하다,adjective,446
838,6,추다,verb,984
839,6,무릎,noun,896
839,3,카펫,noun,1139
839,3,사내,noun,630
839,4,꿇다,verb,1099
840,2,금세,adverb,1117
840,3,정하다,verb,604
840,11,놓치다,verb,996
840,9,상공,noun,1147
840,9,만,number,1149
840,6,시야,noun,1081
841,13,오른쪽,noun,848
842,3,파랗다,adjective,1013
842,4,촉수,noun,1164
842,19,쥐다,verb,878
844,10,흥미,noun,916
844,3,되돌아가다,verb,1085
844,23,덕분,noun,1008
845,5,찌푸리다,verb,1081
846,4,반면,noun,705
847,2,게,noun,1100
848,12,들이다,verb,936
848,2,윙,noun,1171
848,4,땐,noun,10000
849,6,역겹다,adjective,1127
851,11,지성,noun,1106
851,2,체제,noun,368
851,2,조우,noun,10000
852,9,산,noun,515
852,5,액체,noun,1086
852,5,주입,noun,1163
852,18,결과,noun,223
852,5,작자,noun,1116
852,5,썩,adverb,1112
852,4,시끄럽다,adjective,1066
853,14,물론,noun,761
853,3,지저분하다,adjective,1123
855,3,이제야,adverb,1114
856,22,대기,noun,1020
856,5,맺다,verb,806
856,2,여정,noun,1148
858,2,현창,noun,
858,2,강력,noun,1138
858,6,드러내다,verb,727
859,2,지치다,verb,921
859,7,따라가다,verb,972
860,36,호,noun,1136
861,5,도킹,noun,10000
862,15,회전,noun,1077
862,2,수십만,number,10000
863,2,시다,adjective,1148
863,9,승무원,noun,1155
863,3,승객,noun,1068
863,8,다루다,verb,649
863,2,보급품,noun,1169
863,2,나르다,verb,1076
863,25,거리,noun,697
864,2,정류장,noun,1130
865,8,바퀴,noun,1085
865,4,미,noun,961
865,9,살,noun,984
865,2,고려,noun,1133
865,3,띠다,verb,866
865,4,평평,noun,1170
865,21,기능,noun,311
865,2,형,noun,430
865,5,육중하다,adjective,1161
867,15,중력,noun,1082
867,12,인공,noun,1050
867,4,상시,noun,1161
868,9,범위,noun,933
869,4,대단하다,adjective,965
870,9,올라오다,verb,851
870,46,이용,noun,910
873,5,높이다,verb,805
878,7,중력장,noun,
878,2,늘어나다,verb,696
878,17,에너지,noun,850
878,8,드,verb,10000
879,12,여러,article,152
880,7,달,dependent noun,540
885,2,엄지손가락,noun,1160
886,19,붙이다,verb,534
886,14,엄청난,adjective,10000
886,6,낭비,noun,1115
888,5,지속,noun,1127
892,7,꺼지다,verb,1062
892,8,펴다,verb,802
893,4,잡아먹다,verb,1087
894,14,유지,noun,948
894,2,에너지원,noun,
894,28,장치,noun,728
894,10,적다,adjective,491
894,8,피다,verb,928
894,2,저건,pronoun,10000
896,18,호,dependent noun,693
900,10,남기다,verb,640
902,7,데리다,verb,836
904,6,뛰어들다,verb,1004
905,3,느리다,adjective,995
906,8,올,article,877
907,5,모으다,verb,492
907,2,이윽고,adverb,1030
908,11,목록,noun,1122
908,4,단말기,noun,1157
908,23,개인,noun,423
910,3,선물,noun,937
910,4,멋진,adjective,10000
911,3,알아듣다,verb,1039
913,3,경고,noun,1082
914,3,공포증,noun,1161
914,3,금쇠,noun,10000
914,35,짓,noun,849
914,4,제어,noun,1129
914,2,밀실,noun,1154
914,2,안전장치,noun,1164
915,2,플라스틱,noun,1086
915,2,머리카락,noun,1039
916,2,무중력,noun,1169
917,2,봉투,noun,1045
917,6,구역,noun,1001
917,6,주머니,noun,968
917,4,좌석,noun,1051
918,2,강조,noun,1126
919,9,떠다니다,verb,1146
919,13,인물,noun,532
919,5,토하다,verb,1066
920,19,갖추다,verb,567
921,6,움켜쥐다,verb,1113
922,8,사태,noun,692
922,4,최악,noun,1108
923,12,꽤,adverb,925
923,13,부드럽다,adjective,863
924,16,사라지다,verb,547
925,3,롤러코스터,noun,10000
925,8,길다,adjective,420
927,2,교섭,noun,1073
927,18,격납고,noun,
928,10,공기,noun,823
928,4,이어서,adverb,1104
929,4,확,adverb,1069
931,21,나타나다,verb,183
932,9,환영,noun,1139
934,11,빠져나가다,verb,1002
935,51,모두,adverb,138
936,5,안내,noun,1066
936,9,대형,noun,889
937,2,책임자,noun,1091
938,2,들어차다,verb,1127
938,6,탑승,noun,1161
940,6,모이다,verb,563
941,2,해리도,noun,10000
945,32,입다,verb,339
945,3,푸른,adjective,10000
945,4,생김새,noun,1128
945,2,외교관,noun,1124
945,15,직전,noun,1008
945,2,앞쪽,noun,1133
945,3,제복,noun,1146
946,5,가라앉다,verb,1033
950,2,펄쩍,adverb,1153
950,25,뛰다,verb,898
951,3,마이크,noun,1102
952,11,울리다,verb,862
952,3,스피커,noun,1151
953,30,저,pronoun,56
954,22,며칠,noun,817
954,9,정확,noun,1161
954,4,권한,noun,1037
954,56,여러분,pronoun,711
955,2,간절하다,adjective,1087
957,9,양쪽,noun,1006
958,22,피닉스,noun,1170
958,4,약,article,542
959,41,훈련,noun,892
959,11,베타,noun,1168
961,8,지니다,verb,457
961,11,현재,adverb,348
962,9,평가,noun,718
962,5,이틀,noun,975
962,46,신체,noun,909
962,9,지점,noun,1034
963,12,일정,noun,992
963,5,다운로드,noun,1170
964,5,살펴보다,verb,584
964,5,편하다,adjective,862
966,14,선실,noun,1162
966,22,막,noun,1092
966,14,호에,noun,10000
966,5,배정,noun,1154
967,9,제외,noun,1154
968,4,터,dependent noun,382
968,8,내일,noun,820
969,3,마침,adverb,1001
969,7,익히다,verb,1021
973,4,맞춰지다,verb,1169
974,3,검사,noun,894
975,7,진입,noun,1078
975,10,군사,noun,928
975,4,시기,noun,648
976,27,접속,noun,1081
976,9,체계,noun,665
976,8,인터페이스,noun,1166
978,11,갑판,noun,1155
980,6,의료진,noun,1145
980,3,발생,noun,979
980,8,저녁,noun,606
983,5,정상,noun,968
983,3,기하다,verb,1098
983,4,운영,noun,742
985,3,복장,noun,1129
988,2,신규,noun,1052
988,3,대표,noun,494
989,4,축복,noun,1127
990,2,참고,noun,1085
990,14,극장,noun,1007
990,12,영상,noun,889
990,39,전송,noun,1085
990,4,전망대,noun,1151
992,3,빛나다,verb,960
992,5,뛰어나다,adjective,900
992,6,내일,adverb,1024
995,17,룸메이트,noun,1171
995,8,어떤가,article,10000
999,3,맞닥뜨리다,verb,1157
1001,21,척,dependent noun,1082
1001,2,얼씨구,exclamation,1160
1001,2,흘끗,adverb,1165
1002,44,방,noun,262
1002,2,세로,noun,1131
1004,2,위층,noun,1144
1005,5,매기다,verb,1114
1005,3,장면,noun,743
1005,3,상냥하다,adjective,1150
1007,21,두드리다,verb,1007
1007,24,듯,dependent noun,271
1010,2,어딘지,pronoun,10000
1013,19,자다,verb,475
1017,2,구운,verb,10000
1017,5,쿠키,noun,1169
1022,35,매기,noun,1170
1026,3,그게,pronoun,10000
1028,8,특별,noun,811
1029,11,저기,pronoun,980
1030,15,키다,verb,1171
1030,20,화면,noun,793
1030,6,비디오,noun,942
1031,5,선명,noun,10000
1032,3,솜씨,noun,1050
1032,14,몰라도,verb,10000
1033,2,거실,noun,968
1034,4,파티,noun,1139
1034,7,텐데,dependent noun,10000
1034,3,인기,noun,681
1041,3,흥분,noun,1052
1043,7,슬프다,adjective,951
1048,10,텐데,dependent noun,10000
1053,9,주어지다,verb,859
1053,18,시체,noun,1043
1054,4,벌충,noun,10000
1055,10,면,noun,483
1059,11,빠지다,auxiliary verb,1142
1061,7,조건,noun,463
1061,3,논하다,verb,1079
1062,3,희미하다,adjective,1046
1062,4,핑,adverb,1153
1063,7,엔진,noun,1071
1065,2,서서히,adverb,991
1065,6,줄어들다,verb,856
1066,2,무정하다,adjective,1169
1066,3,푸른색,noun,1157
1066,2,흰색,noun,1036
1066,2,찬란하다,adjective,1113
1066,2,비중,noun,980
1069,5,잠기다,verb,968
1069,7,건너다,verb,957
1070,6,눈물,noun,611
1070,7,흐르다,verb,477
1071,4,이봐,exclamation,1121
1073,14,짓다,verb,242
1078,2,작아지다,verb,1135
1079,4,틀다,verb,1001
1079,8,깨우다,verb,1088
1079,7,깨어나다,verb,1031
1080,30,내려가다,verb,764
1080,2,수건,noun,1082
1080,2,전등,noun,1138
1080,4,음악,noun,407
1080,5,층,noun,599
1080,7,조용히,adverb,971
1080,3,옷장,noun,1138
1080,6,끄다,verb,976
1082,4,티셔츠,noun,1121
1082,2,양말,noun,1108
1082,3,운동복,noun,1155
1082,3,군복,noun,1145
1082,3,끈,noun,1063
1082,2,바지,noun,992
1082,4,스타일,noun,1023
1082,5,매다,verb,1065
1082,10,운동,noun,163
1083,3,차림,noun,1023
1084,3,샤워,noun,1128
1084,2,복도,noun,969
1087,2,신다,verb,984
1087,3,걸치다,verb,607
1088,3,조깅,noun,1141
1088,5,그날,noun,555
1089,5,차례,noun,611
1090,3,슬쩍,adverb,1111
1090,13,나가다,verb,197
1090,13,찌르다,verb,1013
1091,2,밥,noun,670
1091,11,얼간,noun,10000
1096,5,내버리다,verb,1101
1097,3,정말,noun,1053
1102,6,으르렁거리다,verb,1157
1111,3,굉장하다,adjective,1134
1112,4,펼쳐지다,verb,1171
1113,2,얹다,verb,1081
1113,2,크림,noun,1148
1113,3,녹아내리다,verb,1166
1113,2,네모난,adjective,10000
1113,2,시럽,noun,1168
1113,2,적시다,verb,1093
1114,4,뒤집다,verb,1062
1114,5,짜내다,verb,1151
1114,14,제대로,adverb,497
1114,6,주스,noun,1136
1114,18,몰랐,verb,10000
1114,2,재다,verb,1083
1114,4,갓,adverb,1100
1114,3,베이컨,noun,1169
1114,3,계란,noun,1123
1114,3,과일,noun,999
1114,2,두껍다,adjective,1083
1116,8,틀리다,verb,963
1116,2,태양계,noun,1096
1118,10,쟁반,noun,1136
1119,3,쌓이다,verb,870
1120,2,질환,noun,1044
1127,2,임상의,noun,
1128,5,유감,noun,1149
1128,7,환자,noun,626
1128,10,예,noun,371
1134,4,마비,noun,1069
1135,16,마,auxiliary verb,10000
1136,2,팬케이크,noun,1171
1136,3,접시,noun,1077
1137,4,톰,noun,1171
1139,3,비난,noun,1045
1139,3,적절하다,adjective,931
1142,4,부정,noun,976
1143,5,동맥,noun,1128
1143,2,희생,noun,1076
1144,3,행위,noun,431
1144,24,수류탄,noun,1161
1151,3,썰다,verb,1108
1155,4,안심,noun,1156
1155,3,심히,adverb,1153
1157,10,식탁,noun,1031
1157,9,소개,noun,1079
1160,25,훌륭하다,adjective,843
1165,3,대기실,noun,1151
1168,14,의심,noun,1054
1168,3,뛰어다니다,verb,1125
1172,6,직업,noun,669
1172,11,이젠,noun,10000
1173,10,충격,noun,868
1174,17,최소한,noun,912
1174,10,먹이다,verb,963
1176,19,외치다,verb,922
1177,5,손짓,noun,1125
1177,9,부르다,auxiliary verb,1171
1181,2,미인,noun,1134
1181,2,알려졌,verb,10000
1181,2,잠자다,verb,1036
1183,6,절반,noun,974
1184,137,앨런,noun,10000
1185,2,미모,noun,1136
1185,2,출중하다,adjective,1164
1193,2,암시,noun,1081
1193,16,막다,verb,579
1201,25,똑똑하다,adjective,1088
1201,3,끝장나다,verb,1161
1204,2,세부,noun,1141
1204,6,사항,noun,818
1206,3,지,noun,1165
1206,2,어른,noun,737
1206,8,상당히,adverb,787
1207,32,뭘,pronoun,10000
1214,2,회춘,noun,10000
1214,8,오늘,noun,293
1216,2,어떤지는,adjective,10000
1218,14,젊은이,noun,780
1218,79,병사,noun,1077
1220,29,군인,noun,1017
1221,7,추측,noun,1135
1224,12,쓸모,noun,1133
1225,4,허리,noun,924
1226,2,어제,adverb,1004
1226,17,걸다,verb,613
1227,2,행군,noun,1165
1227,21,못하다,auxiliary verb,49
1227,23,총,noun,1080
1227,2,킬로,noun,1171
1228,5,수리,noun,1130
1232,2,기준선,noun,
1233,2,유연,noun,1167
1234,5,해내다,verb,1082
1235,3,마라톤,noun,1124
1235,5,킬로,dependent noun,1144
1240,6,음,exclamation,710
1240,11,감안,noun,1156
1241,5,뚱뚱하다,adjective,1135
1242,4,식,noun,1055
1242,5,돌보다,verb,1047
1243,9,뛰어난,adjective,10000
1246,12,다른,adjective,10000
1246,2,약골,noun,1169
1246,3,성체,noun,1162
1254,12,그만,adverb,708
1255,9,우울,noun,1155
1257,7,닫다,verb,953
1261,2,한계선,noun,1135
1266,2,과,dependent noun,1170
1266,13,일곱,number,1163
1276,8,복제,noun,1125
1277,9,작업,noun,447
1277,4,근육,noun,939
1278,2,그러고,conjunction,10000
1279,7,둘러보다,verb,985
1279,24,주위,noun,644
1282,4,도저히,adverb,984
1282,2,작용,noun,773
1283,3,엔트로피,noun,1170
1284,3,뒷받침,noun,1151
1286,2,우리다,verb,1169
1286,3,어찌,adverb,891
1286,12,개선,noun,854
1289,3,은하,noun,1035
1292,2,고치다,verb,775
1299,12,병,noun,676
1299,3,근거,noun,859
1300,2,김,dependent noun,1135
1302,10,어,exclamation,235
1303,5,덩치,noun,1121
1305,7,약속,noun,808
1306,2,늘어지다,adjective,1171
1307,3,한숨,noun,909
1307,5,굽히다,verb,1097
1307,4,굴리다,verb,1099
1307,6,세다,adjective,1058
1308,2,입술,noun,874
1308,13,알아차리다,verb,1105
1310,9,흔들다,verb,793
1311,18,반응,noun,698
1312,2,끌어내리다,verb,1161
1312,4,상반신,noun,1156
1313,4,무겁다,adjective,855
1314,3,낚아채다,verb,1141
1315,2,불어넣다,verb,1108
1315,11,떼다,verb,816
1316,2,제법,adverb,1015
1321,5,살피다,verb,839
1325,3,내려다보다,verb,971
1326,2,멎다,verb,1115
1327,2,막차,noun,1167
1327,10,유령,noun,1135
1327,9,여단,noun,1159
1335,63,박사,noun,618
1335,56,러셀,noun,
1336,2,건너다보다,verb,1152
1337,14,방금,adverb,1091
1337,3,개다,verb,1160
1338,3,개,noun,798
1338,5,실은,adverb,1072
1342,13,진료,noun,1099
1343,4,참,adverb,569
1345,2,어색,noun,1170
1345,40,초,dependent noun,723
1350,3,진료실,noun,1165
1350,23,요람,noun,1161
1352,11,컵,noun,1043
1352,7,꼭대기,noun,1085
1355,4,부디,adverb,1148
1358,4,벗다,verb,781
1366,8,깨다,verb,958
1366,4,습관,noun,967
1366,4,힘든,adjective,10000
1367,11,옷,noun,406
1369,11,물러서다,verb,1097
1370,4,조정,noun,776
1372,2,파이다,verb,1148
1373,6,끼치다,verb,991
1373,5,소름,noun,1131
1376,2,느껴질,verb,10000
1380,6,저쪽,pronoun,1004
1381,4,뒤쪽,noun,1106
1382,2,회복실,noun,1168
1385,10,인상,noun,930
1395,3,본,noun,1142
1397,3,상세,noun,1171
1399,4,언제,pronoun,837
1400,5,개월,dependent noun,648
1402,18,높다,adjective,225
1405,7,암,noun,1093
1405,9,고환,noun,1158
1406,3,뭐요,pronoun,10000
1408,2,적외선,noun,1155
1408,7,화상,noun,1109
1409,7,눈앞,noun,960
1411,15,왼쪽,noun,888
1411,10,어둡다,adjective,766
1415,5,노려보다,verb,1062
1420,4,별,article,958
1422,5,초기,noun,764
1423,3,손실,noun,1040
1426,7,심리,noun,967
1428,7,정비,noun,1117
1428,7,종합,noun,772
1429,2,그동안,noun,501
1430,4,종양,noun,1152
1431,7,퍼지다,verb,931
1437,10,비하다,verb,462
1439,2,현,article,939
1440,10,찾아내다,verb,950
1440,3,어쨌,verb,10000
1441,4,치명,noun,10000
1442,2,애매하다,adjective,1124
1444,8,버티다,verb,991
1445,2,드문,adjective,10000
1448,4,들여다보다,verb,882
1449,2,침전물,noun,10000
1449,9,아마,adverb,735
1450,2,흔히,adverb,723
1452,3,암세포,noun,1155
1452,2,진전,noun,1092
1452,5,부위,noun,1036
1452,4,즉각,adverb,1096
1458,4,후면,noun,1171
1467,18,활동,noun,230
1469,10,센서,noun,1151
1469,4,삽입,noun,1160
1471,3,동작,noun,922
1472,12,가볍다,adjective,778
1472,3,달라붙다,verb,1104
1472,3,쩍,adverb,1156
1475,2,간지럽다,adjective,1154
1478,4,바늘,noun,1037
1478,2,주사,noun,1116
1478,2,피하,noun,1167
1479,3,아주,adverb,301
1479,10,수,noun,479
1485,16,동시,noun,485
1485,2,밀려들다,verb,1127
1485,2,자루,noun,1139
1485,2,후려치다,verb,1144
1487,6,부딪치다,verb,1011
1488,22,지르다,verb,840
1488,7,고함,noun,1084
1489,13,개자식,noun,1148
1493,2,상호,noun,823
1494,5,통증,noun,1018
1495,2,가만히,adverb,890
1498,2,사방,noun,1032
1499,4,방,dependent noun,1138
1499,2,그토록,adverb,1043
1502,4,측정,noun,1070
1502,5,머리통,noun,1132
1502,25,두뇌,noun,1090
1502,14,반짝이다,verb,1074
1502,2,문지르다,verb,1108
1503,13,점심,noun,1008
1504,2,도당,noun,1170
1504,12,방귀쟁이,noun,
1504,3,이루다,verb,288
1505,6,제안,noun,1055
1508,7,열,noun,929
1508,13,뻔,dependent noun,1169
1512,3,뻔하다,auxiliary verb,1069
1515,2,퍼센트,dependent noun,92
1516,2,골프,noun,1058
1516,2,칠,number,1150
1517,2,헌신,noun,1158
1519,3,하,exclamation,1139
1521,10,나다,adjective,1171
1521,42,속,noun,59
1523,2,잡아내다,verb,1153
1524,2,커지다,verb,890
1525,3,놀다,verb,529
1529,2,낭포,noun,
1532,5,성,noun,692
1537,2,이크,exclamation,1171
1547,2,딱지,noun,1123
1550,4,회색,noun,1103
1550,3,이마,noun,956
1550,3,뒤덮이다,verb,1131
1557,5,목적,noun,488
1561,7,물질,noun,669
1561,13,지원,noun,592
1562,3,씌우다,verb,1122
1562,13,제발,adverb,1033
1570,14,데려가다,verb,1101
1576,3,빌리다,verb,923
1578,5,굴다,verb,1104
1583,3,건너뛰다,verb,1149
1585,2,외상,noun,1160
1586,3,희한하다,adjective,1134
1586,15,시험,noun,717
1601,3,무시무시하다,adjective,1151
1612,2,응,exclamation,761
1620,3,에라,exclamation,1156
1625,2,회의실,noun,1148
1630,13,언어,noun,356
1630,5,치르다,verb,832
1631,2,감독관,noun,1160
1634,13,최대한,noun,987
1635,2,검토,noun,1059
1635,3,답변,noun,1065
1636,60,훈련병,noun,1171
1636,2,상의,noun,1155
1639,2,단어,noun,917
1643,3,점,dependent noun,741
1643,5,선생,noun,486
1647,2,점수,noun,1041
1647,10,수학,noun,1039
1651,3,흰,adjective,10000
1653,7,조명,noun,1047
1653,2,낮추다,verb,1037
1654,5,쌍,noun,1075
1654,5,초점,noun,953
1655,5,천천히,adverb,803
1659,12,운,noun,1040
1659,11,쳐다보다,verb,716
1663,6,따로,adverb,891
1664,3,블록,noun,1137
1666,3,상자,noun,1070
1671,5,가운데,noun,263
1672,15,맙소사,exclamation,1167
1677,5,숫자,noun,914
1677,10,부르다,verb,212
1677,9,문자,noun,956
1678,5,그만두다,verb,958
1679,9,열받,verb,10000
1680,7,파일,noun,1096
1681,2,마르다,verb,947
1681,40,날아가다,verb,996
1681,7,바람,noun,461
1681,2,휙,adverb,1123
1689,5,낫다,verb,1079
1692,5,이혼,noun,1039
1693,4,피우다,verb,777
1694,2,밉살,verb root,
1694,2,순식간,noun,1082
1703,2,빨대,noun,1167
1706,7,달려들다,verb,1064
1706,2,일부분,noun,1129
1706,3,저놈,pronoun,1127
1706,5,분노,noun,994
1706,16,목,noun,778
1706,5,계산,noun,939
1708,2,깊숙하다,adjective,1141
1708,3,당장,noun,809
1709,25,갑자기,adverb,459
1709,2,삐,adverb,1162
1713,2,부인,noun,773
1714,7,끌어내다,verb,1123
1715,2,심리학,noun,959
1715,11,모델,noun,846
1716,7,대화,noun,533
1717,4,멍하니,adverb,1078
1717,5,깜박이다,verb,1156
1719,5,극히,adverb,1031
1721,11,제,pronoun,10000
1722,2,의도,noun,925
1724,2,부러뜨리다,verb,1158
1726,3,차분하다,adjective,1113
1726,4,억제,noun,1116
1727,17,추적,noun,1129
1731,3,가라앉히다,verb,1127
1731,5,애쓰다,verb,905
1735,2,할당,noun,1161
1735,5,절,pronoun,10000
1735,2,몸집,noun,1115
1735,9,찍다,verb,733
1736,6,녀석,dependent noun,709
1736,5,전,pronoun,10000
1736,3,굉장히,adverb,710
1736,3,꼬마,noun,1089
1741,2,이성,noun,989
1744,5,심한,adjective,10000
1746,2,술집,noun,1083
1748,14,매력,noun,1040
1754,13,오직,adverb,920
1758,4,당하다,verb,571
1758,3,자격,noun,981
1761,2,옆방,noun,1128
1761,2,건너가다,verb,1090
1762,3,잘생긴,adjective,10000
1762,5,기억나다,verb,1127
1762,2,아가씨,noun,899
1763,4,영화,noun,173
1766,2,만화,noun,966
1769,4,장,noun,927
1769,2,양반,noun,937
1771,9,혹시,adverb,843
1774,5,벌거벗다,verb,1145
1774,3,시절,noun,491
1792,8,게이,noun,1171
1794,3,건조,noun,1125
1795,3,특정,noun,934
1799,3,섬세하다,adjective,1088
1800,7,수준,noun,428
1801,14,끌다,verb,548
1806,14,섹스,noun,1084
1806,3,약간,noun,1002
1809,2,맹세코,adverb,1167
1810,2,리그,noun,1023
1810,5,뭔가,pronoun,10000
1810,2,한번,adverb,962
1810,5,시리즈,noun,994
1811,3,합리,noun,1164
1817,4,첫날,noun,1067
1817,7,둘째,number,870
1822,25,돌다,verb,721
1826,8,표적,noun,1121
1826,3,그려지다,verb,1059
1827,3,수영,noun,1124
1828,3,헤엄치다,verb,1136
1829,20,물,noun,187
1830,4,휴게실,noun,1164
1832,3,탁구,noun,1150
1832,4,시합,noun,1118
1833,2,셔플,noun,
1834,6,흘리다,verb,818
1834,2,땀,noun,908
1839,2,고차원,noun,1168
1839,6,기반,noun,858
1843,2,정확도,noun,1161
1843,3,조화,noun,999
1845,10,언제,adverb,776
1854,2,정정,noun,1159
1855,3,라면,noun,1055
1855,10,터지다,verb,796
1856,12,일으키다,verb,550
1864,4,비다,verb,736
1871,12,지내다,verb,538
1885,2,정식,noun,1054
1886,7,순,dependent noun,10000
1886,2,회부,noun,1166
1896,2,빼먹다,verb,1156
1896,5,텅,adverb,1047
1902,9,여기다,verb,517
1908,11,대장,noun,1106
1908,4,발목,noun,1095
1908,7,의견,noun,564
1916,7,침묵,noun,941
1919,9,별자리,noun,1126
1921,4,먼,adjective,10000
1921,2,달라지다,verb,727
1927,8,항성,noun,1168
1930,2,도,verb,10000
1930,10,속하다,verb,761
1930,2,이리,adverb,1070
1931,3,흐릿하다,adjective,1146
1934,2,감탄,noun,1141
1936,2,천문학자,noun,1105
1942,3,함정,noun,1145
1942,3,시스템,noun,807
1942,8,발전,noun,388
1942,3,해군,noun,1096
1950,3,포기,noun,1117
1952,5,휴,exclamation,1160
1953,2,큰곰자리,noun,1169
1955,4,벌다,verb,868
1963,2,깜박,adverb,1160
1964,2,낯선,adjective,10000
1965,2,북두칠성,noun,1157
1965,5,지식,noun,593
1967,2,부재,noun,1103
1967,2,근본,noun,1064
1969,17,채,dependent noun,256
1972,5,시계,noun,881
1973,2,떠올랐,verb,10000
1978,2,기색,noun,1118
1979,2,벙어리,noun,1145
1981,2,한마디,noun,664
1983,2,덩이,noun,1146
1983,2,구,number,1143
1990,6,중심,noun,333
1992,9,바라보다,verb,309
1994,2,주목,noun,1089
1995,2,긴급,noun,1043
1997,2,실행,noun,1114
1998,5,진행,noun,939
1998,3,동행,noun,1090
2001,4,접촉,noun,1006
2005,2,통상,noun,1047
2011,5,잠깐,adverb,941
2017,5,박다,verb,1026
2017,42,때리다,verb,934
2017,14,금속,noun,1066
2017,5,지난번,noun,1059
2018,2,양해,noun,1140
2024,7,놓다,verb,413
2028,2,나사,noun,1159
2028,2,조이다,verb,1124
2030,7,상관없다,adjective,1084
2034,11,혼란,noun,989
2035,2,취급,noun,1120
2035,2,유치원생,noun,1162
2037,2,드리다,auxiliary verb,654
2038,5,집어넣다,verb,1037
2039,18,수행,noun,1068
2040,6,각각,noun,1071
2040,2,독특하다,adjective,927
2040,2,경로,noun,1110
2041,2,손가락,noun,844
2042,2,분리,noun,1088
2046,3,우스꽝,verb root,10000
2048,3,실험,noun,854
2052,5,전문,noun,751
2054,3,자극,noun,977
2058,2,실시간,noun,1151
2069,3,빙긋,adverb,1154
2073,4,했으니,verb,10000
2077,2,배양,noun,1159
2078,2,들어내다,verb,1160
2087,3,새것,noun,1145
2087,3,부품,noun,1034
2089,3,작정,noun,1110
2089,4,없애다,verb,926
2091,2,자아,noun,1074
2099,2,말라서,verb,10000
2099,9,힘들다,adjective,420
2103,3,휠체어,noun,1146
2108,3,긴장,noun,946
2111,3,저항,noun,989
2112,9,마치,adverb,460
2116,2,흘러내리다,verb,1060
2116,35,다리,noun,704
2116,3,작디작,adjective,
2118,4,막히다,verb,865
2127,7,치우다,auxiliary verb,1128
2132,3,변형,noun,1094
2133,3,차이점,noun,1106
2133,7,텐데요,dependent noun,10000
2134,10,피부,noun,936
2136,30,녹색,noun,1086
2140,2,할까요,auxiliary verb,10000
2144,2,이겁니다,pronoun,10000
2145,9,전이,noun,1163
2148,2,저리로,adverb,1171
2149,2,수집,noun,1081
2149,7,패턴,noun,1117
2150,3,그래야,conjunction,10000
2158,3,모자,noun,1025
2158,4,증폭기,noun,
2161,5,제자리,noun,1093
2165,2,돼지,noun,1013
2170,3,어딨,adjective,10000
2177,2,마치다,verb,745
2177,9,조작,noun,1095
2181,4,버튼,noun,1125
2183,3,뱅크,noun,1162
2186,11,끊다,verb,777
2186,2,뿌리,noun,836
2188,6,실패,noun,989
2192,3,드물다,adjective,985
2194,5,잃어버리다,verb,996
2216,8,듯이,dependent noun,720
2220,4,턱,dependent noun,1152
2221,10,지경,dependent noun,1002
2223,3,해치우다,verb,1139
2227,3,탁,adverb,1089
2232,3,인형,noun,1081
2232,8,움직임,noun,817
2232,2,도료,noun,1167
2235,2,강건,noun,1171
2237,2,무성,noun,1163
2237,2,머리털,noun,1152
2239,2,분석,noun,682
2240,2,엽,noun,10000
2242,8,흔들리다,verb,943
2242,2,울림,noun,1148
2243,2,우와,exclamation,10000
2246,3,물음,noun,998
2255,11,고양이,noun,1035
2261,2,제단,noun,1154
2261,3,통로,noun,1078
2261,5,그물,noun,1107
2261,4,걸어오다,verb,1068
2261,2,솟아오르다,verb,1103
2261,7,가지다,auxiliary verb,362
2262,13,걸음,noun,887
2262,10,밟다,verb,957
2266,3,속임수,noun,1157
2266,4,뒤통수,noun,1127
2266,4,어지럽다,adjective,1074
2267,2,깨달음,noun,1112
2267,3,쾅,adverb,1138
2274,11,빌어먹다,verb,1160
2280,4,감다,verb,911
2282,3,반복,noun,1107
2283,17,예,exclamation,161
2290,2,월,dependent noun,1161
2301,2,딛다,verb,1128
2301,6,비틀거리다,verb,1122
2303,9,조심,noun,1149
2305,2,산다는,verb,10000
2308,13,옳다,adjective,787
2309,3,구부리다,verb,1139
2312,3,걷다,verb,531
2313,2,히죽거렸,verb,10000
2313,3,어린아이,noun,1048
2319,5,스무,article,1061
2319,5,생물학,noun,1152
2320,2,요새,noun,1070
2321,13,삼다,verb,558
2322,3,술,noun,298
2327,4,만지다,verb,999
2328,2,따뜻,noun,1170
2328,4,느껴졌,verb,10000
2329,2,움찔,adverb,1162
2338,2,이대로,adverb,1088
2343,2,정오,noun,1137
2345,2,소책자,noun,1167
2349,4,고갯짓,noun,1163
2351,2,축,noun,1067
2354,11,잊다,verb,683
2359,3,왼손,noun,1106
2360,2,약지,noun,1166
2361,6,반지,noun,1077
2361,3,끼우다,verb,1078
2361,5,빼내다,verb,1109
2362,8,감싸다,verb,1035
2367,8,글,noun,291
2367,6,학부,noun,1148
2367,2,홍보,noun,1019
2367,16,유전,noun,1113
2368,6,문구,noun,1128
2372,3,최적,noun,1153
2372,2,결과물,noun,1160
2376,2,록,noun,910
2376,3,여분,noun,1161
2376,3,결합,noun,1009
2377,3,현역,noun,1109
2380,4,혈액,noun,1022
2381,2,질병,noun,995
2381,4,증가,noun,976
2382,2,시력,noun,1124
2383,9,설계,noun,974
2383,5,진화,noun,1098
2383,3,획득,noun,1129
2383,9,자연,noun,395
2383,3,수치,noun,1103
2384,9,겪다,verb,583
2384,3,냄새,noun,730
2385,5,지각,noun,1115
2385,3,넓히다,verb,1006
2385,6,확장,noun,1087
2385,4,분야,noun,366
2388,2,빨라질,adjective,10000
2389,2,소비,noun,930
2390,5,책,noun,214
2391,3,끊어지다,verb,1039
2392,108,도우미,noun,1163
2394,8,적응,noun,1095
2396,7,깊이,adverb,856
2396,2,신뢰,noun,1026
2397,3,그러하다,adjective,495
2400,5,일련,noun,1070
2400,3,진보,noun,1064
2401,3,특허,noun,1103
2401,10,종,noun,962
2401,2,최신,noun,1120
2401,2,로봇,noun,1078
2402,2,기뻐하다,verb,1084
2404,2,고등,noun,1106
2404,3,전반,noun,1040
2404,4,각각,adverb,603
2404,10,미치다,verb,684
2404,9,변화,noun,278
2406,2,짜넣,verb,
2408,5,의문,noun,887
2408,5,일반,noun,561
2411,2,알려져,verb,10000
2411,4,방위,noun,1108
2412,5,판,noun,1086
2412,4,수정,noun,1097
2414,2,보수,noun,1058
2414,3,고유,noun,1083
2414,4,번호,noun,918
2415,2,입수,noun,1161
2416,3,본래,noun,980
2416,3,일상,noun,1004
2419,2,성능,noun,1086
2420,4,고급,noun,959
2420,8,재생,noun,1137
2422,7,회복,noun,936
2422,7,손상,noun,1089
2423,2,깜짝,adverb,1026
2425,3,물려주다,verb,1136
2427,5,허가,noun,1025
2428,2,성질,noun,919
2428,5,낳다,verb,574
2428,3,실험실,noun,1135
2429,25,임무,noun,1080
2430,2,불임,noun,1161
2432,2,신학,noun,1113
2434,3,입장,noun,377
2434,2,유전학,noun,1162
2434,2,효과,noun,444
2440,7,생물,noun,922
2441,5,원래,noun,696
2442,12,전원,noun,1102
2446,9,거울,noun,959
2446,2,세면대,noun,1165
2449,2,얼룩,noun,1135
2449,2,금색,noun,1166
2450,3,홍채,noun,1171
2453,5,동공,noun,1153
2454,2,진하다,verb,1169
2454,14,빛,noun,546
2456,6,불빛,noun,930
2464,4,켜다,verb,907
2465,2,약초,noun,1155
2466,2,확대,noun,915
2470,3,쓸어내리다,verb,1160
2473,2,물렁하다,adjective,1171
2477,3,매끈하다,adjective,1155
2478,4,털,noun,1049
2479,11,등,dependent noun,19
2481,12,턱,noun,1057
2482,4,아기,noun,737
2488,2,붓,noun,1096
2489,2,다행히,adverb,1064
2489,4,밝다,adjective,726
2490,3,형광,noun,1160
2491,2,젖꼭지,noun,1154
2491,2,성기,noun,1109
2493,3,혈관,noun,1088
2494,2,붉다,adjective,936
2494,8,뭔지,pronoun,10000
2496,2,호출,noun,1141
2499,9,가동,noun,1141
2502,4,허공,noun,1030
2503,4,뛰쳐나가다,verb,1129
2505,3,내부,noun,774
2506,2,겁먹다,verb,1147
2507,3,보조,noun,993
2507,2,생성,noun,1096
2508,2,끝내,adverb,1018
2508,3,이젠,adverb,10000
2511,9,선택지,noun,1170
2514,3,그래라고,verb,10000
2517,2,멍,noun,1152
2528,2,명령어,noun,1142
2529,2,소통,noun,1119
2530,9,음성,noun,948
2536,2,명암,noun,1161
2539,8,부상,noun,1120
2544,6,돕다,verb,785
2545,3,음소,noun,1169
2545,2,발음,noun,1094
2553,2,설정,noun,1075
2561,44,얼간이,noun,1167
2567,16,동료,noun,981
2567,2,자부심,noun,1103
2573,2,활성,noun,1167
2580,2,주문,noun,1076
2581,2,골랐,verb,10000
2587,2,체,dependent noun,1143
2587,9,넌,pronoun,10000
2590,2,네트워크,noun,1117
2595,6,단계,noun,373
2596,3,감시,noun,1071
2596,8,교신,noun,1159
2604,4,카테고리,noun,1168
2604,2,명,noun,1157
2605,5,열기,noun,1062
2612,3,양,noun,902
2612,3,저장,noun,1128
2614,2,진단,noun,1025
2622,2,해제,noun,1131
2638,2,미녀,noun,1111
2638,4,내주다,verb,1051
2643,9,떠오르다,verb,654
2648,4,격렬하다,adjective,1073
2649,3,와중,noun,1112
2649,7,걷어차다,verb,1146
2651,3,발기,noun,1163
2653,5,오해,noun,1045
2654,8,엎드리다,verb,1053
2655,3,반하다,verb,1053
2658,2,엉뚱하다,adjective,998
2666,3,환상,noun,1033
2667,6,막,adverb,748
2667,2,감행,noun,1170
2667,2,거칠다,verb,565
2668,13,웃음,noun,650
2668,2,터뜨리다,verb,991
2673,5,어때,adjective,10000
2674,3,나,verb,10000
2675,2,뚱,noun,10000
2675,2,녀,verb,10000
2676,3,옆구리,noun,1129
2676,7,양손,noun,1133
2676,9,쓸다,verb,1091
2680,3,단단하다,adjective,1056
2680,3,끼다,verb,963
2688,2,멋져,verb,10000
2696,4,크다,verb,1046
2700,3,이러다,verb,814
2703,4,셋째,number,982
2714,2,도발,noun,1124
2715,3,섹시,noun,1167
2715,3,완전,noun,1031
2716,2,젖히다,verb,1110
2730,6,우선,adverb,443
2730,4,가시,noun,1113
2734,2,촉진,noun,1135
2739,2,뒷부분,noun,1157
2765,2,그다지,adverb,1031
2773,3,일지,noun,1155
2774,7,넘어서다,verb,932
2789,9,가끔,adverb,798
2794,8,내장,noun,1117
2813,9,날,pronoun,10000
2815,3,편리,noun,1162
2817,4,묘한,adjective,10000
2819,3,잡년,noun,1171
2828,3,어울리다,verb,709
2833,2,한계,noun,830
2833,8,아무리,adverb,587
2834,4,진정,noun,1119
2847,4,기적,noun,1114
2848,5,멋있다,adjective,1091
2851,4,다름없다,adjective,1063
2852,2,못생긴,adjective,10000
2852,3,넷,number,1128
2868,2,새파랗다,adjective,1140
2868,2,편,noun,1058
2886,3,닮다,verb,952
2901,2,최상,noun,1135
2907,2,진짜,noun,976
2912,3,가리다,verb,985
2920,3,결속,noun,1150
2922,10,응시,noun,1165
2923,2,껍질,noun,1043
2927,2,요소,noun,644
2935,2,본능,noun,1086
2936,3,욕망,noun,959
2938,3,공부,noun,493
2940,2,골치,noun,1125
2949,3,지,auxiliary verb,10000
2950,2,이득,noun,1130
2961,2,좋,adjective,10000
2971,2,멍청이,noun,1157
2975,3,예쁜,adjective,10000
2982,9,기쁘다,adjective,991
2983,2,정착,noun,1118
2988,6,빠지다,verb,557
2995,5,설득,noun,1119
2996,3,풍부,noun,1171
2998,2,마주치다,verb,1009
2998,21,종족,noun,1120
3001,4,조용하다,adjective,998
3002,18,중령,noun,1169
3002,8,지휘관,noun,1165
3002,14,히기,noun,
3005,2,하,noun,1146
3007,3,압박,noun,1106
3009,14,목표,noun,622
3012,3,줄지다,verb,1167
3013,10,즐겁다,adjective,872
3015,5,이례,noun,10000
3016,3,즐거움,noun,1020
3016,5,누리다,verb,939
3022,2,여유,noun,888
3022,4,불편,noun,1065
3023,2,잇다,verb,531
3024,7,민간인,noun,1134
3025,3,기구,noun,888
3025,2,갖춰져,verb,10000
3025,4,오락,noun,1055
3029,3,잠재력,noun,1111
3030,9,브리핑,noun,1153
3032,2,과장,noun,987
3040,4,드러나다,verb,617
3040,2,격리,noun,1164
3040,2,예의,noun,1075
3040,4,얽히다,verb,1068
3040,4,돌아다니다,verb,1042
3041,3,널리,adverb,876
3042,2,포위,noun,1166
3042,2,탄원,noun,1171
3043,2,거절,noun,1146
3044,2,떨치다,verb,1093
3044,3,명성,noun,1077
3049,3,꽂히다,verb,1093
3050,6,매복,noun,10000
3051,7,표준,noun,998
3053,2,교수,noun,290
3054,2,동양,noun,950
3057,3,마련,noun,1014
3057,2,짝,noun,988
3060,2,이치,noun,1053
3060,9,닿다,verb,896
3060,3,맹렬,noun,1171
3061,3,내던지다,verb,1117
3061,4,신품,noun,10000
3061,5,한참,adverb,1163
3063,2,몰아내다,verb,1118
3065,17,노래,noun,437
3067,8,깨닫다,verb,780
3067,3,중지,noun,1151
3068,3,주고받다,verb,1015
3069,9,부서지다,verb,1075
3069,8,만약,noun,801
3073,3,넘치다,verb,964
3073,2,무술,noun,1151
3073,2,대련,noun,1171
3073,8,펼치다,verb,834
3075,3,상대방,noun,875
3075,4,저편,pronoun,1107
3076,11,무너지다,verb,891
3076,2,공중제비,noun,10000
3077,56,특수,noun,990
3079,3,절,noun,930
3081,3,기묘,noun,1171
3084,5,내려앉다,verb,1092
3085,2,산산이,adverb,1161
3085,5,부수다,verb,1125
3085,3,오른팔,noun,1163
3086,6,추락,noun,1148
3090,4,가깝다,adjective,545
3094,2,편집,noun,1088
3095,2,저작,noun,1132
3097,10,바람,dependent noun,979
3098,4,택하다,adjective,1171
3102,3,기껏해야,adverb,1148
3103,3,영원,noun,1151
3103,4,희망,noun,775
3103,2,무작위,noun,1165
3116,3,배경,noun,786
3118,8,집중,noun,979
3118,6,돌,noun,876
3119,3,통계,noun,1054
3124,6,제군,noun,10000
3127,5,생존,noun,1023
3135,3,쓸모없다,adjective,1145
3140,3,뒤편,noun,1128
3140,2,성도,noun,1155
3140,4,차원,noun,614
3142,4,흩어지다,verb,1026
3142,4,규칙,noun,955
3143,2,디디다,verb,1144
3143,2,성계,noun,10000
3144,3,유사,noun,1152
3150,3,열쇠,noun,1054
3152,2,밀려나다,verb,1128
3153,3,치열,noun,1168
3154,2,동맹,noun,1126
3157,9,외교,noun,973
3158,2,해결책,noun,1100
3159,2,사형,noun,1136
3159,2,선고,noun,1135
3160,2,그러므로,conjunction,659
3161,5,적합,noun,1170
3162,2,원주민,noun,1137
3165,2,침략군,noun,
3170,3,침략,noun,1086
3174,3,깨끗,noun,1168
3174,2,모,noun,1146
3179,3,불구,noun,1144
3181,2,대가,noun,1050
3187,2,여부,noun,799
3188,13,유리,noun,948
3192,3,충고,noun,1117
3195,37,기지,noun,1090
3202,2,품위,noun,1121
3202,2,기원,noun,1081
3203,14,경례,noun,1160
3222,3,짜다,verb,1037
3229,5,연락,noun,1008
3239,9,약기,noun,10000
3239,11,무인,noun,1160
3240,3,편지,noun,741
3244,2,동력,noun,1095
3268,2,부,dependent noun,988
3269,4,동쪽,noun,1004
3269,7,태양,noun,663
3269,4,평원,noun,1152
3270,3,성분,noun,926
3271,2,오렌지색,noun,1171
3271,2,부,verb,10000
3272,12,동물,noun,667
3272,2,날개,noun,1016
3272,4,거칠다,adjective,975
3272,2,급강하,noun,10000
3276,58,상사,noun,1061
3278,3,장난,noun,1072
3279,9,자세,noun,643
3279,7,훈련소,noun,1163
3279,8,배속,noun,1170
3279,5,기,noun,848
3280,4,빌어먹을,article,1160
3281,2,뛰쳐나오다,verb,1146
3285,12,교관,noun,1167
3287,3,팔굽혀,verb,10000
3287,6,코앞,noun,1136
3291,12,똥,noun,1010
3292,4,연기,noun,943
3296,3,그치다,verb,836
3296,2,뚝,adverb,1131
3300,4,비추다,verb,961
3300,2,공정,noun,1136
3300,4,다수,noun,1022
3301,12,네놈,pronoun,1115
3301,7,떠올리다,verb,900
3302,3,확신,noun,1084
3304,3,내딛다,verb,1148
3307,3,고깃덩어리,noun,1166
3307,14,비명,noun,1028
3309,2,목격,noun,1171
3309,3,붙잡다,verb,1064
3309,4,고정,noun,1130
3309,8,씹,noun,1162
3313,5,머저리,noun,1170
3313,3,니미,exclamation,10000
3317,2,어리둥절,noun,1171
3318,4,카메라,noun,815
3319,2,의논,noun,1156
3319,5,참호,noun,1165
3320,2,내리치다,verb,1133
3321,3,두려움,noun,1041
3322,3,공포,noun,982
3322,3,주인,noun,693
3324,3,들어맞다,verb,1151
3324,2,얄궂다,adjective,1167
3328,2,전형,noun,1142
3330,5,좆같다,adjective,1159
3333,2,난도질,noun,1170
3333,2,영광,noun,1110
3333,2,전투원,noun,1169
3337,2,밑바닥,noun,1116
3337,2,최선책,noun,10000
3343,8,대가리,noun,1141
3345,2,긍정,noun,1145
3346,8,알아들다,verb,1171
3356,4,여긴,pronoun,10000
3372,2,오가다,verb,1031
3376,11,부하,noun,1102
3378,2,벌떡,adverb,1030
3379,64,소대,noun,1169
3382,2,보편,noun,1165
3382,3,대다수,noun,1082
3388,2,개소리,noun,1169
3391,27,탑,noun,1059
3393,11,클릭,noun,1164
3397,2,킬로미터,noun,1171
3406,2,예비역,noun,1162
3407,2,낱낱이,adverb,1149
3407,5,엿,noun,1161
3408,2,개새끼,noun,1156
3409,9,끔찍하다,adjective,1120
3416,2,긁어내다,verb,1166
3417,6,해병대,noun,1164
3426,2,표어,noun,1159
3430,2,눕히다,verb,1131
3433,2,파다,verb,989
3433,4,치우다,verb,1056
3436,4,육군,noun,1127
3440,10,달려가다,verb,962
3441,2,동성애자,noun,1161
3443,2,추켜올리다,verb,1162
3446,49,부대,noun,1007
3446,38,인,noun,964
3449,2,고백,noun,1104
3449,2,골라서,verb,10000
3451,5,빌어먹을,exclamation,1157
3453,11,대원,noun,1127
3455,62,분대,noun,1169
3459,3,소수,noun,1034
3459,2,민족,noun,384
3461,2,개똥,noun,1168
3465,2,소수파,noun,1170
3467,2,억,number,1166
3468,4,조,noun,1107
3470,6,불평,noun,1126
3472,2,뛰어가다,verb,1089
3474,3,소유자,noun,1078
3474,4,춤,noun,870
3474,2,애완,noun,1171
3474,2,범주,noun,894
3476,2,리듬,noun,1000
3479,2,염병,noun,1165
3483,2,맹렬히,adverb,1163
3487,3,혐오,noun,1153
3487,9,너,pronoun,86
3494,2,자영업,noun,1170
3496,4,작가,noun,471
3500,2,소설가,noun,1056
3504,9,광고,noun,620
3504,2,카피,noun,1154
3508,2,마스코트,noun,1167
3508,5,휘다,verb,1144
3509,2,콘,noun,1170
3509,2,그래픽,noun,1123
3510,3,등장,noun,1033
3510,2,오토바이,noun,1140
3511,5,상당,noun,1061
3512,2,프로그램,noun,480
3513,2,끊이다,verb,1122
3517,7,네,pronoun,10000
3519,3,미터,noun,1171
3520,4,꺾이다,verb,1122
3520,2,맴돌다,verb,1100
3522,2,셔츠,noun,1135
3522,2,단추,noun,1129
3534,2,충동,noun,1038
3534,3,자살,noun,1057
3538,5,박차다,verb,1125
3542,3,소위,adverb,983
3544,2,사악,noun,1165
3548,2,천만,noun,1162
3552,2,거슬리다,verb,1146
3553,2,위안,noun,1111
3554,18,소대장,noun,1167
3554,3,임명,noun,1128
3556,4,배,dependent noun,1131
3557,20,소대원,noun,1169
3558,2,널,pronoun,10000
3558,2,미워하다,verb,1119
3575,4,나무,noun,496
3577,3,응하다,verb,1090
3582,3,사령관,noun,1130
3585,32,분대장,noun,1168
3589,4,뱉다,verb,1058
3592,5,발휘,noun,1163
3594,2,전직,noun,1087
3597,2,빌미,noun,1152
3600,7,즉시,noun,1038
3603,3,뒤떨어지다,verb,1123
3604,3,새로우,adjective,
3620,3,경력,noun,1051
3626,2,페리,noun,10000
3639,4,일다,verb,963
3641,2,들통,noun,1159
3644,9,마크,noun,1139
3644,3,대령,noun,1161
3652,2,냉혈,noun,1171
3653,3,흉내,noun,1083
3655,5,지휘,noun,1128
3667,3,돌파,noun,1143
3671,5,새,noun,901
3672,2,해놨,auxiliary verb,10000
3674,3,협력,noun,888
3674,2,굴러가다,verb,1148
3694,2,부딪다,verb,1164
3701,24,코,noun,815
3701,4,부러지다,verb,1085
3702,2,막사,noun,1132
3704,6,전달,noun,964
3708,7,남,noun,350
3708,3,거스르다,verb,1074
3708,4,느린,adjective,10000
3723,3,주제,noun,597
3727,4,연병장,noun,1170
3734,5,정렬,noun,10000
3738,2,여기저기,noun,1008
3740,2,이끌다,verb,718
3753,7,짓밟다,verb,1150
3758,7,수면,noun,1131
3772,2,제하다,verb,1161
3786,2,킬로그램,dependent noun,1034
3788,3,모자라다,verb,1049
3789,3,들이닥치다,verb,1144
3791,8,모래주머니,noun,1166
3791,3,수영장,noun,1150
3791,5,나흘,noun,1136
3792,3,약점,noun,1114
3798,5,온몸,noun,945
3800,4,굳다,adjective,973
3803,2,지혜,noun,997
3804,2,피로,noun,1013
3804,3,대체,noun,1141
3805,17,봇,noun,10000
3805,5,나노,noun,1170
3808,4,쏟아지다,verb,861
3809,2,운반,noun,1146
3814,2,평균,noun,825
3815,2,변소,noun,1125
3815,3,청소,noun,1037
3816,2,친밀,noun,1170
3819,2,곧장,adverb,1088
3826,6,당기다,verb,1024
3828,4,어둠,noun,797
3838,6,곤란,noun,1142
3839,3,침착,noun,1168
3844,2,뒤틀,verb,10000
3844,4,앞뒤,noun,1100
3845,5,떨구다,verb,1095
3846,3,들다,auxiliary verb,1049
3853,8,일부,noun,432
3855,3,원,number,1170
3856,2,몸무게,noun,1115
3862,8,기꺼이,adverb,1126
3865,2,빨다,verb,1116
3866,3,타입,noun,1089
3866,29,자넨,pronoun,10000
3872,11,보병,noun,1158
3872,34,소총,noun,1150
3873,3,포장,noun,1112
3873,2,발치,noun,1154
3875,2,발사체,noun,1169
3875,6,빔,noun,1163
3876,2,유도,noun,1125
3876,2,극초단파,noun,1170
3876,2,실탄,noun,1168
3876,6,산탄,noun,
3877,10,탄약,noun,1168
3880,3,조립,noun,1141
3885,3,손대다,verb,1156
3885,2,극도,noun,1104
3887,2,임시,noun,1006
3905,4,인식,noun,677
3911,3,강령,noun,1117
3915,2,친한,adjective,10000
3918,2,무용지물,noun,1161
3928,4,온갖,article,926
3930,2,개머리판,noun,1170
3936,4,장전,noun,1169
3938,2,그림,noun,320
3945,2,탄창,noun,1171
3945,2,감소,noun,1075
3945,3,발,dependent noun,1151
3945,4,종류,noun,716
3947,2,복창,noun,1167
3948,33,미사일,noun,981
3952,3,윤곽,noun,1117
3962,6,무섭다,adjective,715
3963,5,마,verb,10000
3964,9,자넬,pronoun,10000
3968,3,다물다,verb,1060
3970,7,회의,noun,496
3972,2,아첨,noun,1169
3975,2,찬탄,noun,1167
3978,2,관자놀이,noun,1166
3980,2,쑤시다,verb,1129
3980,3,목구멍,noun,1121
3980,2,장화,noun,1145
3982,3,총구,noun,1167
3982,2,올려다보다,verb,1052
3985,2,내게,pronoun,10000
3986,10,빼앗다,verb,1051
3988,2,갈가리,adverb,1162
3995,4,방아쇠,noun,1166
4007,15,장비,noun,973
4014,3,험악하다,adjective,1142
4027,33,중위,noun,1152
4029,3,편견,noun,1086
4031,2,켜졌,verb,10000
4032,2,악몽,noun,1109
4033,2,악취,noun,1139
4033,2,축축하다,adjective,1140
4033,2,외설,noun,1170
4033,3,죽,adverb,1117
4038,3,달아나다,verb,1067
4041,2,사슴,noun,1106
4041,4,교묘하다,adjective,1133
4042,2,본질,noun,938
4044,3,퉁,adverb,10000
4046,11,문화,noun,169
4047,2,바닷속,noun,10000
4047,2,거르다,verb,1139
4051,4,세다,verb,1095
4052,5,살롱,noun,1157
4055,8,착륙,noun,1146
4056,4,결론,noun,868
4056,5,농장,noun,1093
4057,2,줌,noun,1148
4064,3,형태,noun,370
4064,3,햄버거,noun,1143
4069,5,안다는,verb,10000
4073,2,이점,noun,1125
4074,3,최근,noun,265
4075,2,곁,noun,885
4080,3,장거리,noun,1136
4080,2,사막,noun,1001
4080,8,선호,noun,1131
4086,2,동기,noun,1017
4092,2,애착,noun,1128
4092,3,만약,adverb,1140
4099,3,인자,noun,1143
4101,7,관점,noun,764
4114,3,스스로,adverb,551
4115,3,보다,adverb,624
4115,2,직접,noun,1050
4115,2,나타내다,verb,467
4116,2,궁극,noun,1169
4117,5,데려오다,verb,1114
4117,10,은퇴,noun,1147
4121,4,아홉,number,1166
4131,4,뒤처지다,verb,1156
4131,5,팀,noun,481
4132,3,트로피,noun,1170
4137,2,역설,noun,1133
4139,5,예측,noun,1106
4140,2,과녁,noun,1150
4140,4,전환,noun,1004
4140,11,바위,noun,846
4140,5,벌레,noun,1052
4144,2,질서,noun,652
4146,3,스타,noun,939
4146,2,팝,noun,1122
4147,5,쪽지,noun,1105
4150,4,호버크라프트,noun,
4151,2,거꾸로,adverb,1045
4152,5,앨범,noun,1071
4155,2,산맥,noun,1132
4157,7,생존자,noun,1151
4158,4,명중,noun,1166
4159,5,구출,noun,1166
4160,3,실례,noun,1146
4162,3,내려서다,verb,1128
4163,7,그리로,adverb,1156
4163,4,사수,noun,1168
4166,2,쪼개다,verb,1134
4168,8,가까이,adverb,940
4170,2,지형,noun,1113
4172,3,복수,noun,1128
4173,5,괴롭히다,verb,1067
4173,16,작전,noun,1009
4173,2,협동,noun,1123
4175,3,넘기다,verb,814
4175,2,납작,adverb,1168
4175,5,저격,noun,1159
4180,2,숲,noun,836
4185,2,인원,noun,1075
4187,2,워,noun,10000
4194,8,대대,noun,1155
4194,7,중대,noun,1159
4196,2,십상,noun,1116
4215,2,이병,noun,1167
4215,3,다,noun,1133
4224,2,덤,noun,1160
4240,3,그야,adverb,1144
4242,7,칭찬,noun,1101
4253,4,엄폐물,noun,
4254,2,저거,pronoun,1060
4256,31,상병,noun,1162
4257,25,방어,noun,1102
4267,4,닥치다,verb,1065
4280,4,진지,noun,1157
4280,3,덮다,verb,964
4281,3,들판,noun,1071
4282,6,갑각,noun,
4285,7,계급,noun,656
4286,2,대수롭다,adjective,1134
4286,4,전령,noun,1164
4289,3,한,noun,764
4289,3,상관없이,adverb,1119
4290,3,내지르다,verb,1138
4292,4,영혼,noun,935
4292,2,정찰,noun,1165
4292,4,미리,adverb,845
4294,4,명예,noun,1018
4298,2,앞당기다,verb,1109
4302,2,입자,noun,1071
4302,8,총알,noun,1152
4302,6,폭탄,noun,1122
4302,2,중단,noun,1130
4304,2,아무렇다,adjective,1048
4312,4,꿰뚫다,verb,1132
4314,4,기술력,noun,1150
4316,4,축구,noun,824
4316,2,도살,noun,1170
4319,3,백색,noun,1137
4319,3,왜성,noun,
4321,4,건드리다,verb,1074
4323,7,내려오다,verb,694
4324,3,바이러스,noun,1118
4324,3,항,noun,1064
4325,3,데이터베이스,noun,1122
4328,2,건방지다,adjective,1143
4330,11,가름,noun,1170
4330,2,특화,noun,1160
4335,4,그랬다간,verb,10000
4337,7,가르다,verb,1088
4339,17,번역,noun,1106
4340,2,영예,noun,1140
4342,5,구원,noun,1032
4342,2,찬미,noun,10000
4343,2,이끄,verb,10000
4344,2,내생,noun,1170
4344,3,용감,noun,1170
4345,4,정화,noun,1122
4350,2,세례,noun,1138
4358,2,가물거리다,verb,1165
4367,3,흉부,noun,1165
4380,4,조준,noun,1167
4381,3,소음,noun,1074
4383,14,측,dependent noun,443
4383,4,쓰러뜨리다,verb,1151
4391,2,고장,noun,1106
4393,2,경향,noun,768
4393,2,망가지다,verb,1129
4394,8,전투복,noun,1169
4398,2,풍경,noun,907
4399,2,수통,noun,1170
4402,2,뻣뻣하다,adjective,1146
4403,2,헤집다,verb,1141
4403,4,총탄,noun,1165
4405,2,허리띠,noun,1146
4406,2,공구,noun,1155
4406,9,칼,noun,940
4407,2,바르다,verb,1003
4409,4,통신망,noun,1062
4423,6,상원,noun,1114
4423,6,의원,noun,359
4424,2,주둔지,noun,1171
4427,8,탄환,noun,1166
4431,5,넘어지다,verb,1059
4434,3,연속,noun,999
4434,4,전장,noun,1153
4436,3,폭발물,noun,1161
4445,3,히죽거리다,verb,1166
4445,3,대회,noun,439
4452,2,팽개치다,verb,1130
4453,2,기세,noun,1112
4453,4,윗,article,10000
4455,4,팔,number,1142
4457,3,어긋나다,verb,1078
4460,6,아슬아슬,adverb,1169
4469,2,갑작,verb root,10000
4472,2,후속,noun,1137
4475,2,내쉬다,verb,1032
4475,9,잔해,noun,1161
4479,3,정통,noun,1118
4481,4,한때,noun,921
4481,3,뿜다,verb,1115
4485,4,잘리다,verb,1115
4486,4,예기,noun,10000
4487,2,닦다,verb,812
4488,3,속죄,noun,1165
4488,2,조각나다,verb,1170
4488,3,회로,noun,1105
4489,7,발포,noun,1159
4490,2,연이,verb,10000
4490,2,흉갑,noun,
4501,7,시신,noun,1110
4505,5,전술,noun,1121
4505,7,연사,noun,1163
4505,3,물러나다,verb,1044
4506,7,후퇴,noun,1138
4507,3,부상자,noun,1157
4512,6,입히다,verb,1052
4518,2,뜯기다,verb,1164
4519,3,안치소,noun,
4523,3,따라붙다,verb,1155
4537,5,숙이다,verb,979
4539,5,영창,noun,1171
4547,3,의례,noun,1117
4564,2,못한다는,auxiliary verb,10000
4568,3,건데,dependent noun,10000
4574,3,술값,noun,1152
4580,7,장교,noun,1105
4587,5,몸짓,noun,1093
4595,3,키,noun,870
4595,3,리비,noun,10000
4604,2,표창,noun,1167
4608,2,그럴지도,adjective,10000
4617,2,몫,noun,997
4628,4,영웅,noun,1079
4644,3,시대,noun,131
4646,8,퍼렇다,adjective,1159
4646,8,템,noun,10000
4649,2,분포,noun,1098
4650,3,주둔,noun,1145
4650,5,지원군,noun,1170
4651,2,스,exclamation,10000
4651,7,전사,noun,1156
4652,8,참여,noun,825
4652,11,되찾다,verb,1062
4653,8,지표면,noun,
4654,2,직격,noun,
4655,6,선체,noun,1160
4656,5,파편,noun,1155
4656,5,박히다,verb,1023
4656,2,즉사,noun,10000
4658,2,튕기다,verb,1146
4661,3,강하,noun,1169
4661,2,흔들거리다,verb,1162
4662,5,탓,noun,784
4663,3,불타다,verb,1122
4663,3,파손,noun,1165
4665,2,휴우,exclamation,10000
4665,2,포화,noun,1160
4667,4,우물,noun,1069
4669,2,탄도,noun,1161
4669,2,운반력,noun,
4669,7,겨누다,verb,1153
4670,2,밤하늘,noun,1097
4670,2,동일,noun,1122
4670,3,추진력,noun,1138
4671,8,피해,noun,729
4671,4,보여준다,verb,10000
4674,3,유성,noun,1161
4681,22,대사,noun,1077
4681,4,장관,noun,587
4683,3,핏덩이,noun,1164
4684,2,숙사,noun,10000
4689,3,핵심,noun,897
4690,2,온다는,verb,10000
4690,2,으레,adverb,1082
4692,3,바뀌다,verb,627
4695,2,참가,noun,1051
4697,2,잘못,noun,865
4700,3,불리다,verb,762
4702,5,딸,noun,612
4704,4,뒤이,verb,10000
4709,3,참다,verb,706
4711,2,형성,noun,880
4711,5,깊다,adjective,358
4718,2,떠들다,verb,1005
4718,2,혼잣말,noun,1078
4728,2,얘깁니다,noun,10000
4733,2,여지,dependent noun,1074
4733,3,대단히,adverb,975
4734,3,쟁점,noun,1071
4734,2,지극히,adverb,1067
4740,2,부동산,noun,1023
4747,5,무력,noun,1092
4756,4,언덕,noun,1013
4757,7,협상,noun,832
4758,4,등등,dependent noun,1050
4765,2,틈,noun,930
4770,2,인과,noun,1149
4770,6,계,noun,1150
4772,2,집요하다,adjective,1121
4773,8,산업,noun,281
4774,2,되돌리다,verb,1112
4774,2,눈치,noun,813
4774,8,십,number,1162
4775,4,수도,noun,1046
4775,2,기동,noun,1162
4776,19,건물,noun,655
4778,2,흔드,verb,10000
4781,8,조사,noun,420
4783,8,도시,noun,436
4783,3,예술,noun,351
4783,2,규모,noun,537
4786,6,가로막다,verb,1058
4791,4,코웃음,noun,1152
4792,4,협정,noun,940
4793,2,임기,noun,1093
4793,2,조약,noun,1072
4793,2,교역,noun,1095
4793,2,식품,noun,934
4794,3,논쟁,noun,1021
4799,3,행진,noun,1131
4811,2,강의,noun,1043
4813,2,양보,noun,1129
4822,3,악,noun,1096
4828,4,상하다,verb,1035
4837,2,암살,noun,1148
4840,2,쿠데타,noun,1111
4842,3,유모,noun,1162
4842,3,훑다,verb,1132
4842,2,투하,noun,1169
4863,6,가까이,noun,1082
4863,2,구조물,noun,1137
4864,2,선사,noun,1125
4868,6,전함,noun,10000
4870,27,병력,noun,1105
4871,5,타격,noun,1094
4877,2,정제,noun,1167
4877,5,시설,noun,565
4877,3,근거리,noun,1165
4878,5,폭격,noun,1146
4878,3,기관,noun,455
4879,2,들,noun,1085
4880,2,손쓰다,verb,1170
4880,2,도리,noun,1060
4881,3,발밑,noun,1148
4886,2,굽다,verb,1049
4894,5,저격수,noun,10000
4897,2,위장,noun,1151
4899,4,문밖,noun,1118
4900,3,추상,noun,1120
4904,2,앞발,noun,1157
4907,2,릴,noun,1170
4907,2,감추다,verb,900
4909,2,사무실,noun,867
4910,2,겠지,auxiliary verb,10000
4914,5,경사로,noun,1170
4917,11,지붕,noun,996
4923,2,검다,adjective,785
4923,2,곰,noun,909
4923,2,날다람쥐,noun,10000
4924,2,성나다,verb,1150
4928,2,뒤집어쓰다,verb,1102
4932,7,놈,noun,1140
4936,3,후회,noun,1120
4936,2,곧바로,adverb,1003
4937,2,풍기다,verb,1017
4939,2,경관,noun,1081
4940,2,군데,dependent noun,1049
4947,3,도망치다,verb,1068
4949,2,고함치다,verb,1165
4951,3,모퉁이,noun,1131
4963,3,벤,noun,10000
4964,2,바짝,adverb,1083
4980,6,불가,noun,1141
4980,2,단위,noun,830
4990,2,애,noun,367
4991,3,뚫리다,verb,1108
4994,2,꼭두각시,noun,1160
4998,4,현재,noun,597
5011,2,폭음,noun,1164
5014,4,원형,noun,1108
5015,3,곤봉,noun,1166
5017,4,연습,noun,1022
5042,3,회중,noun,
5057,2,헛소리,noun,1150
5082,3,쫓다,verb,1023
5093,2,전문가,noun,727
5096,2,구르,noun,10000
5097,5,나뭇가지,noun,1117
5097,5,전통,noun,728
5098,2,하나하나,noun,1099
5120,7,학살,noun,1140
5136,3,박살,noun,1141
5146,3,무사히,adverb,1110
5150,6,언젠가,adverb,995
5153,3,굴,noun,1143
5154,2,동굴,noun,980
5155,3,봉쇄,noun,1160
5155,4,무너뜨리다,verb,1126
5160,7,훈장,noun,1144
5161,7,진급,noun,1159
5168,3,명칭,noun,1024
5169,2,척지,noun,
5170,2,무인기,noun,
5172,3,심지어,adverb,911
5172,18,점균,noun,
5172,2,특기,noun,1154
5173,5,전해졌,verb,10000
5174,3,직후,noun,998
5176,9,호,verb,10000
5176,5,투,number,1170
5181,2,끈적거리다,verb,1171
5182,2,덮이다,verb,1083
5182,2,센티미터,dependent noun,712
5183,3,전선,noun,1109
5186,6,심하다,adjective,591
5186,2,얼어붙다,verb,1118
5186,2,부패,noun,1093
5187,2,오래다,adjective,1137
5189,2,예외,noun,1030
5197,2,들이키다,verb,1170
5201,2,덮치다,verb,1114
5201,2,뛰어오다,verb,1139
5204,2,깊숙이,adverb,1090
5210,2,질식,noun,1169
5211,3,운명,noun,888
5216,3,진공,noun,1146
5221,2,포괄,noun,1166
5224,4,맞서다,verb,1009
5229,3,높이,noun,958
5230,6,고리,noun,1069
5230,2,관성,noun,1140
5230,2,빈디,noun,10000
5230,5,거미,noun,1140
5232,5,반다,noun,
5233,21,반두,noun,
5236,2,정착민,noun,
5236,5,팔다리,noun,1140
5241,4,센티,dependent noun,1146
5243,3,탱크,noun,1115
5243,5,비행기,noun,932
5245,3,날아다니다,verb,1120
5246,3,빗나가다,verb,1136
5246,2,공원,noun,886
5246,3,포격,noun,1165
5247,4,평소,noun,822
5253,7,가까스로,adverb,1116
5255,4,발가락,noun,1140
5261,5,튀다,verb,1051
5266,3,앉히다,verb,1105
5288,3,휘두르다,verb,1060
5297,2,정당,noun,835
5306,3,합치다,verb,977
5308,7,함대,noun,1154
5325,8,반격,noun,1143
5334,3,괴롭다,adjective,1046
5376,2,외부,noun,897
5407,2,칩,noun,1142
5407,2,초콜릿,noun,1146
5410,3,맛있다,adjective,979
5413,3,당밀,noun,10000
5422,8,강,noun,860
5423,2,차갑다,adjective,980
5423,2,얼음,noun,1052
5429,4,일요일,noun,1001
5505,6,가져오다,verb,747
5508,5,파업,noun,1048
5508,12,채굴,noun,1170
5511,2,바다,noun,511
5515,4,한입,noun,1164
5515,3,삼키다,verb,1032
5515,7,퍼,noun,10000
5517,3,쓰레기,noun,1032
5517,2,저지르다,verb,950
5535,93,코랄,noun,1171
5535,7,점령,noun,1156
5544,3,광속,noun,1169
5562,2,다중,noun,1156
5577,3,양자,noun,1118
5578,3,관측,noun,1045
5578,2,한정,noun,1149
5578,3,전자,noun,795
5590,2,실력,noun,969
5608,3,동등,noun,1168
5609,2,원자,noun,1066
5619,2,망치다,verb,1101
5622,2,보존,noun,1105
5634,2,버전,noun,1134
5645,2,생겨나다,verb,959
5645,3,가지,noun,1041
5662,2,저곳,pronoun,1170
5667,4,확률,noun,1112
5686,2,목적지,noun,1131
5694,2,위로,noun,1104
5698,2,영양,noun,1068
5701,4,산호,noun,1167
5701,2,암초,noun,1165
5703,2,옥수수,noun,1104
5703,2,생태,noun,1125
5708,2,전멸,noun,1171
5709,2,값,noun,703
5713,2,재료,noun,854
5713,2,수프,noun,1169
5713,2,요리사,noun,1150
5717,2,섬,noun,898
5719,4,상업,noun,1064
5719,2,오염,noun,975
5721,4,온전히,adverb,1141
5723,2,가늠,noun,1167
5727,3,산호초,noun,1167
5728,4,놈,pronoun,1171
5733,2,식다,verb,1099
5737,2,띄우다,verb,1104
5739,3,화력,noun,1160
5740,2,급,noun,877
5755,5,로즈,noun,10000
5761,7,상륙,noun,1163
5763,2,강타,noun,1169
5777,3,교란,noun,1164
5778,2,유인,noun,1167
5794,2,파고들다,verb,1078
5803,2,수긍,noun,1163
5809,40,호크,noun,10000
5816,3,따다,verb,820
5836,2,패대기쳐,verb,10000
5837,5,질주,noun,1158
5838,2,전자석,noun,
5840,2,능동,noun,1166
5840,2,탐색,noun,1148
5844,8,조종사,noun,1147
5845,2,관,noun,1125
5847,4,연발,noun,1169
5852,7,충돌,noun,1084
5858,2,조치,noun,781
5864,3,굉음,noun,1157
5867,4,발진,noun,1168
5884,3,돌입,noun,1166
5902,3,섬광,noun,1157
5916,2,기울어져서,verb,
5932,2,불러내다,verb,1142
5947,2,파,noun,1133
5966,6,우릴,pronoun,10000
6012,2,격려,noun,1132
6023,2,혀,noun,1004
6028,3,호수,noun,1064
6032,3,앞머리,noun,1167
6033,2,찢어지다,verb,1092
6033,2,비틀리,verb,10000
6033,3,조종석,noun,1171
6042,2,대퇴부,noun,10000
6043,2,목젖,noun,1161
6047,7,갈비뼈,noun,1159
6062,2,지저귀다,verb,1158
6099,2,해당,noun,1049
6102,2,금발,noun,1167
6134,3,흡관,noun,
6137,7,욕조,noun,1156
6140,2,가로막혔,verb,10000
6162,2,광범위,noun,10000
6163,2,감염,noun,1145
6168,3,살리다,verb,799
6169,2,응고,noun,10000
6172,4,가사,noun,1076
6182,8,환각,noun,1144
6183,2,친척,noun,1047
6208,4,다치다,verb,1037
6247,4,자국,noun,1085
6251,2,절단,noun,1155
6251,3,가짜,noun,1087
6252,2,기존,noun,631
6288,5,침몰,noun,1170
6297,2,정박,noun,1169
6297,31,탐지,noun,1164
6332,2,여지,noun,1165
6357,30,소령,noun,1132
6367,2,두들기다,verb,1100
6388,3,얻어맞다,verb,1143
6389,2,지면,noun,1143
6391,2,몸뚱이,noun,1100
6412,2,면담,noun,1133
6416,2,기억,number,10000
6498,3,실리다,verb,889
6507,2,병동,noun,1156
6513,2,쏠리다,verb,1096
6539,2,어딜,pronoun,10000
6540,24,부대원,noun,10000
6542,2,병과,noun,10000
6550,2,불리,noun,1168
6551,2,협,noun,10000
6552,2,캐다,verb,1112
6559,2,취조,noun,1159
6589,4,소릴,noun,10000
6602,6,지팡이,noun,1138
6616,2,당번,noun,1158
6640,7,버거,noun,10000
6648,2,무장,noun,1092
6665,4,베다,verb,1048
6667,6,소문,noun,942
6694,3,반문,noun,1164
6695,2,행하다,verb,902
6701,2,자세히,adverb,988
6703,2,돌아다닌다는,verb,10000
6709,2,기니피그,noun,10000
6725,3,본다는,verb,10000
6728,2,감자튀김,noun,1171
6736,2,글쎄,exclamation,942
6786,4,만남,noun,915
6819,2,빤히,adverb,1108
6824,2,방해,noun,1104
6855,143,제인,noun,10000
6870,2,업로드,noun,10000
6881,3,달려오다,verb,1029
6885,2,쉿,exclamation,1164
6896,2,결혼식,noun,1072
6909,2,냅킨,noun,1159
6910,2,모서리,noun,1124
6925,37,소위,noun,1154
6964,5,병원,noun,660
7053,3,평범,noun,1167
7072,2,프로,noun,843
7077,2,내기,noun,1149
7132,16,타키온,noun,
7149,2,감지,noun,1150
7172,4,따라잡다,verb,1150
7190,2,최우선,noun,1151
7191,2,써먹다,verb,1155
7219,2,몰라서,verb,10000
7239,4,살아나다,verb,1081
7241,3,출두,noun,1162
7241,9,모듈,noun,1165
7241,24,장군,noun,1063
7241,3,본부,noun,998
7246,2,몰래,adverb,1042
7259,2,마저,adverb,1149
7266,2,활력,noun,1114
7295,2,손길,noun,1086
7304,2,당황,noun,1155
7325,4,공연,noun,819
7337,2,바치다,verb,1006
7338,2,겸손,noun,1154
7340,2,지도력,noun,1142
7366,6,일병,noun,1146
7370,2,기웃거리다,verb,1121
7382,2,골든,noun,10000
7388,4,위성,noun,1046
7389,2,배열,noun,1126
7404,2,관찰,noun,1080
7407,2,외람되다,adjective,1165
7407,2,비참,noun,1169
7409,4,거짓말,noun,986
7410,6,맡기다,verb,890
7420,3,참모,noun,1126
7423,2,정원,noun,1098
7428,2,정규,noun,1119
7470,2,쪼개지다,verb,1171
7478,2,재배치,noun,1169
7491,3,보직,noun,1164
7492,2,사선,noun,1162
7498,2,원치,verb,10000
7506,4,통째,noun,1141
7527,2,승선,noun,1165
7605,2,단,conjunction,1137
7659,3,비기다,verb,1152
7661,9,보어,noun,1163
7670,3,문득,adverb,892
7670,2,포크,noun,1150
7671,2,그닥,adverb,1168
7687,3,요령,noun,1123
7789,2,곡선,noun,1117
7790,2,요인,noun,701
7796,2,사절단,noun,1158
7798,8,대위,noun,1164
7798,9,융,noun,10000
7833,2,야구,noun,992
7841,2,광신도,noun,
7845,2,다면,noun,10000
7852,3,권력,noun,521
7854,2,속이다,verb,1082
7858,9,탐지기,noun,1166
7860,4,설명서,noun,1168
7894,2,지사,noun,1046
7922,7,메시지,noun,1031
7927,2,격투,noun,1158
7929,5,범죄자,noun,1145
7941,3,의전,noun,1160
7942,3,지휘자,noun,1141
7942,5,대표단,noun,1124
8004,2,심사,noun,972
8005,2,등상,noun,10000
8009,2,주지사,noun,1166
8014,3,로미오,noun,10000
8015,3,연극,noun,623
8016,2,아모스,noun,
8021,3,역,noun,985
8029,4,패다,verb,1137
8060,3,구급차,noun,1160
8087,2,정적,noun,1126
8087,2,녹아들다,verb,1163
8091,24,그대,pronoun,1052
8094,2,이러하다,adjective,144
8094,2,더럽히다,verb,1143
8097,8,돔,noun,1168
8100,3,블랙홀,noun,1164
8111,20,단검,noun,1170
8113,4,위대하다,adjective,974
8137,3,대결,noun,1046
8145,13,구돌,noun,10000
8145,3,병장,noun,1150
8153,3,칼날,noun,1124
8157,2,메다,verb,1080
8159,2,자르다,verb,932
8164,2,돌진,noun,1169
8166,2,내리찍다,verb,1171
8174,2,도,dependent noun,894
8174,3,손잡이,noun,1122
8175,2,내용물,noun,1161
8185,2,구르다,verb,1087
8188,3,몸통,noun,1138
8209,2,올랐,verb,10000
8213,2,함성,noun,1143
8214,2,전력,noun,1108
8269,2,카트,noun,1159
8280,3,전진,noun,1127
8309,4,보고,noun,1003
8340,2,동강,noun,1162
8360,3,상층,noun,
8370,4,하복,noun,1169
8371,4,공중,noun,1075
8389,5,보호막,noun,1168
8389,2,묶음,noun,1161
8395,2,함교,noun,
8410,3,회수,noun,1141
8446,2,하사관,noun,1156
8455,2,처넣다,verb,1158
8536,2,내게서,pronoun,10000
8568,2,밀폐,noun,10000
8569,4,전자기,noun,1164
8576,2,현기증,noun,1138
8576,3,뒤집히다,verb,1140
8579,2,불덩어리,noun,1168
8594,3,흘러나오다,verb,1042
8599,7,보호구,noun,1171
8621,2,한층,adverb,1056
8649,2,낙하,noun,1161
8654,2,정착지,noun,
8654,2,고지대,noun,
8658,2,수비,noun,1136
8658,2,거점,noun,1141
8660,2,확보,noun,1026
8662,3,설비,noun,1065
8662,2,오프라인,noun,1167
8666,4,목표물,noun,1163
8678,5,세일,noun,1147
8696,7,창고,noun,1051
8712,2,지그재그,noun,1168
8734,2,무선,noun,1102
8734,2,송신탑,noun,1171
8740,2,사다리,noun,1143
8741,2,생리,noun,1045
8747,2,접수,noun,1106
8757,2,신음,noun,1095
8880,2,노두,noun,10000
8894,2,굳이,adverb,970
8922,2,바윗돌,noun,1158
8936,3,차고,noun,1162
8937,4,항공기,noun,1076
8967,9,의무실,noun,1171
8999,3,모니터,noun,1067
9013,2,찧다,verb,1134
9062,5,메모리,noun,1139
9066,3,회로도,noun,
9134,2,연구소,noun,965
9138,2,조력,noun,1169
9197,2,익명,noun,1148
9223,2,회한,noun,1154
