1,115,있다,adjective,5
1,429,나,pronoun,8
1,24,아몬드,noun,1169
2,10,당신,pronoun,324
3,10,가지다,auxiliary verb,362
3,29,그것,pronoun,50
3,19,가장,adverb,112
3,3,소중,noun,1171
3,3,여기다,verb,517
3,2,저주,noun,1126
4,14,아무,pronoun,752
4,253,없다,adjective,10
4,187,수,dependent noun,7
4,48,느끼다,verb,130
5,167,있다,verb,547
5,345,있다,auxiliary verb,4
5,24,그저,adverb,748
5,30,뿐,dependent noun,167
5,130,알다,verb,38
6,169,내,pronoun,1150
6,51,다른,article,85
6,51,이,article,17
6,370,말,noun,29
6,26,이야기,noun,205
6,26,또,adverb,1168
6,11,괴물,noun,1107
6,30,만나다,verb,170
6,3,한마디,noun,664
7,33,여기,pronoun,146
7,136,생각,noun,70
7,38,끝,noun,312
7,83,하지만,conjunction,254
7,3,희극,noun,1154
7,312,그,article,11
7,4,비극,noun,1072
8,5,시시,noun,1169
8,20,모든,article,109
8,57,지다,auxiliary verb,20
8,31,순간,noun,396
8,5,결론,noun,868
8,45,때문,dependent noun,34
9,10,커지다,verb,890
9,75,그렇게,adverb,1171
9,760,하다,verb,3
9,16,가능,noun,1125
9,35,의미,noun,208
9,43,조금,adverb,582
9,25,비슷,noun,1171
10,29,누구,pronoun,114
10,13,영원히,adverb,1034
10,115,일,noun,31
10,16,마지막,noun,523
10,23,사실,adverb,492
10,33,그러니까,conjunction,500
10,33,어떤,article,63
11,4,부,dependent noun,988
12,8,명,dependent noun,71
12,24,그날,noun,555
12,47,죽다,verb,199
12,5,여섯,number,1156
12,5,다치다,verb,1037
12,140,한,article,27
13,20,먼저,adverb,297
13,151,할멈,noun,1152
13,338,엄마,noun,232
14,17,다음,noun,98
14,79,오다,verb,39
14,69,남자,noun,155
14,4,말리다,verb,1054
15,30,아저씨,noun,672
15,11,대,dependent noun,516
15,22,후,noun,141
15,29,서다,verb,215
15,10,경찰,noun,644
15,14,둘,number,566
16,34,그리고,conjunction,46
16,34,자신,noun,64
17,5,스스로,noun,848
17,9,선택,noun,750
17,2,대상,noun,323
17,110,그,pronoun,13
18,6,도착,noun,1117
18,15,찌르다,verb,1013
18,69,전,noun,123
18,23,숨,noun,666
18,19,가슴,noun,365
18,18,칼,noun,940
18,2,구급차,noun,1160
18,11,넣다,verb,376
18,3,희생자,noun,1122
18,3,깊이,adverb,856
18,2,끊어지다,verb,1039
18,7,마찬가지,noun,503
19,259,것,dependent noun,2
19,16,눈앞,noun,960
19,9,그,exclamation,410
19,17,벌어지다,verb,826
19,27,바라보다,verb,309
20,3,무표정,noun,1163
20,13,언제나,adverb,638
21,25,일어나다,verb,210
21,68,번,dependent noun,108
21,14,사건,noun,241
21,12,살,dependent noun,462
21,3,첫,article,469
21,122,때,noun,23
22,3,드러나다,verb,617
22,2,훨씬,adverb,584
22,2,수면,noun,1131
22,46,위,noun,119
22,95,되다,verb,6
22,43,보이다,auxiliary verb,1164
23,15,꽤,adverb,925
23,15,나이,noun,427
23,5,늦다,adjective,769
23,5,예상,noun,985
24,4,탓,noun,784
25,292,않다,auxiliary verb,12
26,25,만,dependent noun,678
26,28,년,dependent noun,24
26,8,나중,noun,717
26,28,아빠,noun,668
26,3,오랜만,noun,1045
26,9,찾아가다,verb,831
26,14,사실,noun,122
26,108,되다,adjective,1171
26,67,몇,article,190
27,153,사람,noun,15
27,6,잊다,verb,683
27,54,얘기,noun,149
27,5,이제,noun,400
27,7,새롭다,adjective,157
27,9,닦다,verb,812
27,12,벽,noun,685
28,3,끝맺다,verb,1160
28,9,완전히,adverb,616
28,2,철저히,adverb,1021
28,2,가져다주다,verb,1085
28,39,사랑,noun,267
29,17,모두,adverb,138
29,3,빠져나오다,verb,1006
29,136,아이,noun,134
29,2,유치원,noun,1077
29,8,건물,noun,655
29,34,사라지다,verb,547
30,39,대하다,verb,25
30,251,거,dependent noun,14
30,47,집,noun,68
30,133,애,noun,367
30,7,너머,noun,1019
30,3,육교,noun,1157
30,3,위치,noun,750
31,57,고개,noun,348
31,14,아래,noun,401
32,22,달리다,verb,757
32,2,미끄러지다,verb,1095
32,8,차,noun,347
33,63,안,noun,125
33,7,모으다,verb,492
33,81,입,noun,305
33,2,떠오다,verb,1171
33,215,보다,auxiliary verb,28
33,3,끌다,verb,548
33,6,잔뜩,adverb,964
33,33,어디,pronoun,182
33,14,침,noun,1068
33,6,문득,adverb,892
34,2,맞히다,verb,1137
34,13,지나가다,verb,628
35,18,닿다,verb,896
35,36,중,dependent noun,61
35,17,말다,auxiliary verb,129
35,27,바닥,noun,780
35,14,공기,noun,823
36,17,차례,noun,611
36,5,지켜보다,verb,883
36,75,몸,noun,158
36,9,계속,noun,1140
36,17,뜨다,verb,844
36,2,어질어질,adverb,1171
37,29,뭐,exclamation,251
38,2,더럽다,adjective,993
39,14,아주머니,noun,994
39,5,쏘아보다,verb,1112
40,12,길,noun,191
40,43,가다,verb,32
40,45,채,dependent noun,256
40,3,홀로,adverb,1024
40,3,지나치다,verb,1050
40,43,다시,adverb,75
40,24,남다,verb,268
40,79,가다,adjective,1171
40,11,남기다,verb,640
40,6,제,noun,1167
40,32,아줌마,noun,936
41,5,내려가다,verb,764
41,2,사방,noun,1032
41,5,계단,noun,938
41,40,못하다,adjective,1107
41,14,방향,noun,473
41,12,밑,noun,553
41,13,뻗다,verb,994
42,7,차갑다,adjective,980
42,13,풍경,noun,907
42,11,똑같이,adverb,1009
42,10,어차피,adverb,1014
42,22,보이다,verb,80
42,2,왼쪽,noun,888
42,3,회색빛,noun,1159
43,43,머리,noun,303
43,2,가로지르다,verb,1075
43,3,마리,dependent noun,724
43,84,소리,noun,91
43,50,내다,verb,172
44,29,향하다,verb,392
45,44,너무,adverb,227
45,63,뒤,noun,103
45,4,잘못,adverb,929
45,19,이미,adverb,231
45,33,버리다,verb,687
45,29,많이,adverb,126
45,5,들어서다,verb,548
46,2,그즈음,noun,1154
46,7,배우다,verb,505
46,7,노래,noun,437
46,68,앞,noun,76
47,6,자꾸,adverb,843
47,5,나아가다,verb,743
47,3,지구,noun,625
48,2,발걸음,noun,1064
48,2,투박하다,adjective,1151
48,5,고집,noun,1099
48,23,그래서,conjunction,128
48,17,짧다,adjective,692
48,11,옮기다,verb,541
49,6,골목,noun,987
49,6,양,article,1050
49,22,옆,noun,395
49,6,늘다,verb,867
49,8,이어지다,verb,639
49,4,낡다,adjective,935
50,2,인적,noun,1154
51,2,무너지다,verb,891
51,23,글자,noun,977
51,6,여기저기,noun,1008
51,21,가다,auxiliary verb,137
51,2,숫자,noun,914
51,2,시멘트,noun,1014
51,23,따위,dependent noun,775
51,9,적히다,verb,1069
52,6,소리치다,verb,1008
52,30,갑자기,adverb,459
52,20,아,exclamation,255
52,41,작다,adjective,282
53,8,어,exclamation,235
54,73,모르다,verb,60
55,4,아무튼,adverb,1014
55,3,외침,noun,1137
56,2,걸어가다,verb,912
57,14,점점,adverb,709
57,2,으,exclamation,1154
58,3,모퉁이,noun,1131
58,30,들리다,verb,594
59,17,돌다,verb,721
59,28,없이,adverb,151
60,12,눕다,verb,727
62,3,정신없이,adverb,1108
62,4,검다,adjective,785
62,63,지다,verb,930
62,5,거두다,verb,828
62,2,드리워지다,verb,1144
62,13,반복,noun,1107
62,12,그림자,noun,851
63,24,맞다,verb,340
64,13,터지다,auxiliary verb,1163
64,67,나오다,verb,55
64,2,둘러싸다,verb,928
64,2,기합,noun,1160
65,11,뱉다,verb,1058
65,8,발길,noun,1066
66,97,눈,noun,113
66,71,다,adverb,101
66,2,비치다,verb,968
66,26,그때,noun,186
66,18,길다,adjective,420
66,10,내,dependent noun,436
66,4,거대,noun,1124
66,6,어른,noun,737
66,8,고작,adverb,1079
67,7,오래,adverb,851
67,34,듯,dependent noun,271
67,2,저항,noun,989
67,13,지,dependent noun,694
68,5,인형,noun,1081
68,2,이쪽저쪽,noun,1161
69,2,내리찍다,verb,1171
69,3,옆구리,noun,1129
69,4,마무리,noun,1077
69,6,동작,noun,922
70,88,그러다,verb,73
70,16,나다,auxiliary verb,374
71,14,빨갛다,adjective,991
71,2,물들다,verb,1092
71,3,온몸,noun,945
71,19,피,noun,804
72,12,다가가다,verb,926
73,46,많다,adjective,43
74,46,두,article,62
74,7,열,number,1149
74,11,배,noun,668
75,68,안,adverb,48
75,152,같다,adjective,21
75,94,들다,verb,94
75,11,형,noun,430
75,47,그런데,conjunction,166
76,2,갓,adverb,1100
76,9,빠르다,adjective,534
76,2,얕다,adjective,1118
76,12,태어나다,verb,530
76,3,강아지,noun,1060
77,14,상황,noun,224
77,4,위험,noun,894
79,12,여전히,adverb,659
79,9,붉다,adjective,936
80,5,겨우,adverb,834
80,10,한참,noun,791
80,2,헤매다,verb,1068
80,25,들어오다,verb,243
81,17,들어가다,verb,163
81,12,걸다,verb,613
81,6,주인,noun,693
81,30,열다,verb,264
83,12,가족,noun,284
83,10,텔레비전,noun,763
84,37,목소리,noun,401
84,16,듣다,verb,106
84,74,보다,verb,16
84,4,낄낄대다,verb,1167
85,2,출연,noun,1035
85,21,모양,noun,526
85,4,게임,noun,629
85,40,단어,noun,917
86,2,전전긍긍,noun,1167
86,3,전달,noun,964
87,3,기억나다,verb,1127
87,61,왜,adverb,135
88,25,뜻,noun,277
88,36,무슨,article,213
89,2,방청객,noun,1156
89,11,젊다,adjective,486
89,36,여자,noun,79
89,11,어쨌든,adverb,900
89,35,가게,noun,904
89,26,웃음,noun,650
90,2,놓치다,verb,996
90,2,팀,noun,481
90,14,문제,noun,42
90,5,주어지다,verb,859
90,13,결국,noun,315
90,59,시간,noun,97
91,2,다시다,verb,1152
91,2,아쉽다,adjective,1017
91,2,입맛,noun,1097
93,17,부르다,auxiliary verb,1171
94,10,응,exclamation,761
95,26,돌리다,verb,446
95,5,쓰러지다,verb,923
98,3,대꾸,noun,1096
98,7,자세,noun,643
99,8,높다,adjective,225
99,2,대결,noun,1046
100,15,어쩌면,adverb,834
101,2,캐러멜,noun,1164
101,2,진열,noun,1159
101,3,만지작거리다,verb,1141
102,16,그래,exclamation,387
103,21,네,exclamation,228
103,102,그렇다,adjective,35
104,2,그제야,adverb,1090
104,11,시선,noun,583
105,12,무섭다,adjective,715
105,8,참,adverb,569
106,7,거짓말,noun,986
106,51,쓰다,verb,171
106,31,못,adverb,238
107,4,설득,noun,1119
107,30,찾다,verb,181
107,14,침묵,noun,941
107,12,한동안,noun,960
108,15,떠오르다,verb,654
108,2,아무리,adverb,587
108,15,진짜,adverb,900
108,88,더,adverb,44
108,4,방금,adverb,1091
108,14,별로,adverb,657
108,17,어리다,verb,1072
111,11,나가다,verb,197
111,11,그만,adverb,708
111,30,사다,verb,299
111,16,아무것,noun,852
111,22,동안,noun,207
111,10,기다리다,verb,329
111,2,줄곧,adverb,1073
111,3,현장,noun,628
111,2,프로그램,noun,480
111,4,신고,noun,1028
112,10,끊다,verb,777
113,16,바로,adverb,160
113,24,아들,noun,389
114,17,아직,adverb,198
114,15,다리,noun,704
114,6,앞뒤,noun,1100
114,5,경찰서,noun,1012
114,37,앉다,verb,195
115,2,교차,noun,1143
115,27,바람,noun,461
115,10,일으키다,verb,550
115,8,발,noun,551
115,10,움직이다,verb,508
115,3,움직임,noun,817
116,2,밀려오다,verb,1118
116,2,졸음,noun,1150
116,15,밤,noun,280
117,16,잠,noun,569
117,9,밀다,verb,885
117,30,문,noun,323
118,7,머리통,noun,1132
118,28,아프다,adjective,577
118,7,쓰다듬다,verb,1088
119,2,채,adverb,1039
119,4,기쁨,noun,939
119,8,열리다,verb,330
120,18,눈물,noun,611
120,77,얼굴,noun,136
120,3,울부짖다,verb,1136
120,2,온,article,879
120,4,맡기다,verb,890
121,42,표정,noun,374
121,27,다르다,adjective,184
122,14,때리다,verb,934
122,6,떨다,verb,819
122,7,주먹,noun,947
123,6,지르다,verb,840
123,2,별안간,noun,1152
124,4,제대로,adverb,497
124,3,알아들다,verb,1171
124,43,받다,verb,52
124,40,이런,article,77
125,2,진지,noun,1157
126,2,고꾸라지다,verb,1162
126,2,유치원생,noun,1162
126,5,세우다,verb,345
126,15,간신히,adverb,1088
127,21,어렵다,adjective,196
127,4,동의,noun,935
129,2,흥분,noun,1052
129,4,단,article,877
129,73,웃다,verb,272
130,92,그런,article,41
131,32,그냥,adverb,271
131,4,의문,noun,887
131,2,잠자코,adverb,1135
131,16,표현,noun,502
132,22,대신,noun,583
132,4,높이다,verb,805
133,17,잃다,verb,535
133,3,자,dependent noun,557
133,7,소란,noun,1130
134,2,여느,article,1107
134,3,장난감,noun,1104
134,6,놀다,verb,529
134,2,블록,noun,1137
134,9,가지다,verb,74
135,3,꺾다,verb,1026
135,4,목,noun,778
135,3,기다랗다,adjective,1139
138,20,아니,exclamation,623
138,50,물다,verb,914
139,16,대답,noun,802
140,7,퍼지다,verb,931
140,15,변하다,verb,538
140,8,어쩌다,verb,635
140,25,나가다,auxiliary verb,338
140,42,하나,number,150
140,7,순식간,noun,1082
141,7,걱정,noun,724
141,57,시작,noun,814
142,47,학교,noun,217
142,6,초등,noun,1141
143,20,걸리다,verb,350
143,17,어느,article,140
143,10,걷다,verb,531
143,3,하굣길,noun,1163
143,4,넘어지다,verb,1059
143,37,날,noun,159
144,2,매달리다,verb,955
144,3,끈,noun,1063
144,2,마우스,noun,1154
144,4,뒤통수,noun,1127
144,2,엎어지다,verb,1145
145,17,자리,noun,193
145,34,울다,verb,512
146,15,나타나다,verb,183
147,16,혀,noun,1004
147,2,흘기다,verb,1141
147,12,차다,verb,751
148,30,줄,dependent noun,343
148,8,물어보다,verb,864
148,10,괜찮다,adjective,710
148,24,친구,noun,200
149,9,보통,noun,807
149,7,소문,noun,942
149,11,정말,adverb,314
151,14,주변,noun,618
151,13,귀,noun,642
151,2,감지,noun,1150
151,2,간질이다,verb,1164
153,9,구하다,verb,644
154,6,등장,noun,1033
154,16,올리다,verb,409
155,5,마시다,verb,342
156,25,남,noun,350
156,2,복,noun,1090
157,2,일갈,noun,1169
158,2,보고,noun,1003
158,3,재밌다,adjective,1084
158,27,뭐,pronoun,95
160,12,멀다,adjective,549
160,3,올려다보다,verb,1052
160,8,무리,noun,1037
161,4,쭉,adverb,1031
161,5,다물다,verb,1060
161,9,내밀다,verb,817
161,5,꾹,adverb,1132
162,41,이상,noun,162
164,7,특별,noun,811
165,13,못하다,auxiliary verb,49
165,2,원래,adverb,1171
166,50,우리,pronoun,22
167,8,안다,verb,767
167,5,통,dependent noun,1112
168,2,종종,adverb,1047
169,7,적어도,adverb,875
170,4,솔직히,adverb,1014
170,34,데,dependent noun,67
170,23,이해,noun,689
170,71,주다,verb,100
170,5,별명,noun,1056
170,12,붙이다,verb,534
170,41,좀,adverb,81
171,96,책,noun,214
171,6,예쁘다,adjective,740
173,8,부르다,verb,212
174,6,낳다,verb,574
174,10,몰다,verb,933
174,4,개념,noun,453
174,10,찍히다,verb,1067
174,5,헷갈리다,verb,1150
174,60,잘,adverb,90
175,7,믿다,verb,363
176,3,짜내다,verb,1151
176,11,전하다,verb,418
177,32,이렇다,adjective,89
178,7,빨리,adverb,560
179,11,싫다,adjective,610
180,2,방,dependent noun,1138
180,20,대다,verb,688
180,3,잠그다,verb,1104
180,28,네,article,661
180,13,꽉,adverb,1029
181,22,멈추다,verb,708
181,2,호통,noun,1151
181,3,노려보다,verb,1062
181,15,잠깐,adverb,941
182,4,한숨,noun,909
182,2,젓다,verb,1050
182,2,무심히,adverb,1131
182,12,쉬다,verb,770
182,2,절레절레,adverb,1162
182,3,천장,noun,1046
183,4,대표,noun,494
183,30,사이,noun,155
184,12,깊다,adjective,358
184,4,세월,noun,799
185,27,얼마,noun,425
186,43,어떻다,adjective,82
187,4,발달,noun,941
187,34,처음,noun,168
188,7,쓰이다,verb,579
188,13,삼,number,1030
188,6,아기,noun,737
189,72,손,noun,175
189,6,세다,verb,1095
190,4,일,number,1067
190,11,가깝다,verb,1130
190,3,백,number,1155
191,8,꿈,noun,435
191,2,마법,noun,1084
191,2,쩍,adverb,1156
191,3,공주,noun,1065
192,12,방법,noun,174
192,18,마음,noun,117
192,3,온갖,article,926
193,2,색깔,noun,943
193,3,맞추다,verb,515
193,2,추다,verb,984
193,8,대다,auxiliary verb,573
193,2,댄스,noun,1142
193,8,흔들다,verb,793
193,38,치다,verb,332
194,6,지치다,verb,921
194,8,피우다,verb,777
194,4,담배,noun,544
196,27,적,dependent noun,321
196,16,두다,auxiliary verb,381
196,4,무렵,dependent noun,830
196,10,찍다,verb,733
197,4,땀,noun,908
197,9,흘리다,verb,818
198,8,눈빛,noun,892
198,3,잔잔하다,adjective,1110
198,3,너무나,adverb,755
199,3,실패,noun,989
200,15,병원,noun,660
201,4,속하다,verb,761
201,6,결과,noun,223
201,17,행동,noun,379
201,6,키,noun,870
201,5,또래,noun,1103
202,15,의사,noun,655
202,2,동네,noun,789
202,16,크다,adjective,54
203,6,단지,adverb,1170
203,8,애쓰다,verb,905
204,26,지나다,verb,99
205,25,놓다,auxiliary verb,142
205,10,물,noun,187
205,4,탁자,noun,1057
205,6,주전자,noun,1122
205,9,뜨겁다,adjective,857
206,9,타다,verb,375
206,19,떨어지다,verb,276
207,2,나동그라지다,verb,1164
208,3,자국,noun,1085
208,7,희미하다,adjective,1046
208,2,훈장,noun,1144
212,4,두렵다,adjective,1002
215,9,존재,noun,499
215,15,커다랗다,adjective,677
215,2,화단,noun,1129
215,2,영감,noun,1063
216,2,사납다,adjective,1099
216,4,들여다보다,verb,882
216,4,빤히,adverb,1108
216,7,눈동자,noun,1067
216,10,끼다,verb,963
216,2,개,noun,798
216,2,짖다,verb,1118
216,12,떼다,verb,816
216,4,허옇다,adjective,1128
216,4,날카롭다,adjective,1003
216,2,드러내다,verb,727
216,3,이빨,noun,1072
217,2,옆집,noun,1120
217,23,나다,verb,118
218,2,달려오다,verb,1029
218,2,한두,article,949
219,9,겪다,verb,583
219,2,판단,noun,762
219,3,때때로,adverb,1105
219,2,외모,noun,1092
219,13,낮다,adjective,606
219,4,몇몇,article,974
219,4,지능,noun,1056
219,6,딱히,adverb,1148
220,2,해석,noun,971
220,78,좋다,adjective,51
220,15,쪽,dependent noun,229
220,6,나라,noun,250
221,3,비하다,verb,462
221,6,아이,exclamation,1043
221,2,침착,noun,1168
221,3,겁,noun,1020
222,2,일기장,noun,1155
222,3,묘사,noun,1114
222,30,속,noun,59
223,3,좀처럼,adverb,1083
223,4,만,number,1149
223,2,불안,noun,884
223,3,법,noun,594
224,27,잡다,verb,202
225,21,기억,noun,627
225,2,최초,noun,748
226,7,장면,noun,743
227,7,입다,verb,339
227,6,하얗다,adjective,812
227,2,가운,noun,1115
228,7,띠다,verb,866
228,18,가지,dependent noun,120
228,19,여러,article,152
229,10,직접,adverb,510
229,16,개,dependent noun,87
230,8,무릎,noun,896
230,11,이번,noun,194
230,4,톡톡,adverb,1148
230,4,망치,noun,1125
231,11,올라가다,verb,527
231,18,뛰다,verb,898
231,2,박차다,verb,1125
231,9,하늘,noun,344
231,3,종아리,noun,1150
232,10,손가락,noun,844
233,3,간지럽다,adjective,1154
234,34,질문,noun,689
234,32,사진,noun,456
234,22,던지다,verb,624
234,71,주다,auxiliary verb,26
235,2,또렷이,adverb,1158
238,17,기분,noun,466
239,34,답,noun,989
240,13,짓다,verb,242
240,33,미소,noun,810
241,2,지그시,adverb,1124
242,3,데려가다,verb,1101
242,2,우주여행,noun,1166
243,2,장소,noun,741
246,2,빨리다,verb,1147
248,14,날다,verb,1044
250,8,바뀌다,verb,627
250,4,수,noun,479
251,17,머릿속,noun,955
251,3,흐릿하다,adjective,1146
251,2,흑백,noun,1106
253,7,딱,adverb,947
254,3,연신,adverb,1113
254,20,근데,conjunction,371
254,17,끄덕이다,verb,958
256,3,지루하다,adjective,1071
257,5,책상,noun,854
258,17,어깨,noun,695
258,4,얹다,verb,1081
259,11,뺨,noun,1091
259,15,흐르다,verb,477
260,28,모습,noun,147
260,4,온통,adverb,1025
262,2,대기실,noun,1151
263,3,만화,noun,966
264,3,우주,noun,543
265,4,졸다,verb,1107
265,3,할아버지,noun,699
266,2,아까,noun,1063
267,18,입술,noun,874
267,2,오므리다,verb,1156
268,3,먹이다,verb,963
269,46,먹다,verb,104
269,7,종류,noun,716
269,3,산,noun,515
271,2,역시,conjunction,858
271,2,최고,noun,473
272,3,머금다,verb,1099
272,29,이제,adverb,201
272,14,알리다,verb,274
272,4,태양,noun,663
272,6,빛,noun,546
273,6,봉지,noun,1128
273,6,집다,verb,948
273,2,촉감,noun,1159
274,4,단단하다,adjective,1056
275,3,뜯다,verb,1067
275,2,윗부분,noun,1154
275,3,처리,noun,805
275,6,가만히,adverb,890
276,6,감다,verb,911
276,15,상태,noun,247
277,4,들이쉬다,verb,1150
277,12,코,noun,815
277,3,들이밀다,verb,1144
277,4,봉투,noun,1045
277,31,천천히,adverb,803
279,2,몸속,noun,1092
279,2,확보,noun,1026
279,24,위하다,verb,33
279,3,최대한,noun,987
279,9,향,noun,1074
280,28,정도,noun,84
280,6,마침내,adverb,823
280,14,반,noun,718
280,4,털다,verb,954
280,2,들어차다,verb,1127
281,6,굴리다,verb,1099
282,2,홈,noun,1121
282,31,곳,noun,115
282,3,훑다,verb,1132
282,4,뾰족,adverb,1169
284,4,불다,verb,829
284,21,맛,noun,656
285,7,준비,noun,696
285,4,과정,noun,177
285,2,클라이맥스,noun,1162
287,2,적당,noun,1171
287,3,타이밍,noun,1167
288,9,상상,noun,1001
288,4,점차,adverb,849
289,3,손톱,noun,1064
289,3,알,noun,998
289,2,수박,noun,1132
290,2,부풀다,verb,1079
292,4,깨물다,verb,1105
293,2,햇빛,noun,1036
293,6,그러면,conjunction,490
293,15,함께,adverb,105
294,6,굳이,adverb,970
294,5,치르다,verb,832
294,19,이유,noun,234
294,5,의식,noun,416
294,6,좋아하다,verb,450
295,3,시,dependent noun,236
295,3,식탁,noun,1031
296,11,피하다,verb,608
297,4,그러므로,conjunction,659
299,3,기대다,verb,1012
299,3,희망,noun,775
301,2,뒤쪽,noun,1106
301,6,박히다,verb,1023
302,7,크기,noun,788
302,15,생기다,auxiliary verb,1163
303,10,닮다,verb,952
304,6,자극,noun,977
304,4,불,noun,573
305,42,따르다,verb,53
305,3,공포,noun,982
305,21,감정,noun,625
305,6,나쁘다,adjective,646
309,9,두려움,noun,1041
309,5,슬픔,noun,998
310,3,공감,noun,1115
310,4,불과,adverb,1035
310,3,활자,noun,1138
311,17,내리다,verb,239
311,2,티,noun,1147
312,2,사항,noun,818
312,2,소견,noun,1153
312,7,증상,noun,1015
313,2,불능,noun,1151
314,19,내다,auxiliary verb,180
314,8,언어,noun,356
314,6,영역,noun,670
314,18,만들다,verb,57
315,20,이름,noun,220
315,16,읽다,verb,233
317,2,공포심,noun,1160
318,4,용감,noun,1170
319,5,생명,noun,498
319,5,본능,noun,1086
319,2,유지,noun,948
320,11,그대로,adverb,328
321,10,운,noun,1040
322,11,경우,noun,66
322,5,매우,adverb,386
322,5,외,dependent noun,629
323,8,불행,noun,1063
323,5,다행,noun,1056
324,8,뇌,noun,859
325,4,제안,noun,1055
325,3,역할,noun,357
325,2,신비,noun,1100
326,7,등,dependent noun,19
326,3,학회,noun,1119
326,3,실험,noun,854
326,9,대학,noun,258
326,3,임상,noun,1116
326,3,연구,noun,260
326,2,자라나다,verb,1100
327,2,제공,noun,1061
327,3,물론,noun,761
327,3,부분,noun,312
327,9,덧붙이다,verb,940
328,6,선,noun,791
329,3,거절,noun,1146
330,8,일단,adverb,567
331,3,도서관,noun,1042
331,7,관하다,verb,292
331,5,근처,noun,931
331,17,다니다,verb,319
332,4,흥미,noun,916
333,6,기대,noun,788
333,5,접다,verb,1059
333,2,치료,noun,749
334,2,약,noun,857
334,3,관찰,noun,1080
334,17,반응,noun,698
336,5,내뱉다,verb,1067
336,10,빠지다,auxiliary verb,1142
336,3,흔하다,adjective,1041
339,9,속도,noun,656
340,12,가끔,adverb,798
340,2,부리다,auxiliary verb,1169
340,2,난데없다,adjective,1158
341,2,뻔하다,adjective,1064
341,5,후회,noun,1120
341,6,참다,verb,706
341,2,맥주,noun,1014
341,2,임신,noun,1031
341,2,홀짝,noun,1171
341,6,비,noun,561
341,4,몰래,adverb,1042
343,14,놈,dependent noun,482
343,25,세상,noun,246
344,3,이왕,adverb,1147
345,8,그리다,verb,424
345,3,감각,noun,808
345,6,수준,noun,428
345,5,미,noun,961
345,2,컴퓨터,noun,346
345,2,천재,noun,1121
345,2,탁월,noun,1166
345,5,그림,noun,320
345,9,영화,noun,173
346,8,원,dependent noun,93
346,10,아무렇다,adjective,1048
346,2,뿌리다,auxiliary verb,1162
346,2,페인트,noun,1132
346,5,팔리다,verb,1022
346,3,프로,noun,843
348,7,교육,noun,250
348,2,본격,noun,1086
348,3,맨,article,962
349,4,안타깝다,adjective,961
349,3,넘다,verb,421
350,10,별,article,958
350,3,소용,noun,1096
351,3,고함,noun,1084
351,3,솟다,verb,1012
351,8,눈썹,noun,1106
352,3,담다,verb,645
352,2,납득,noun,1149
352,2,특정,noun,934
353,2,숨다,verb,929
353,2,현상,noun,309
354,4,받아들이다,verb,558
354,3,곧이곧대로,adverb,1159
355,3,일일이,adverb,1087
355,5,문장,noun,750
355,4,전지,noun,1162
356,6,장식,noun,1061
357,7,기다,adjective,1171
357,6,한쪽,noun,811
357,4,편하다,adjective,862
357,2,비켜서다,verb,1161
357,3,상대방,noun,875
357,11,다가오다,verb,681
357,10,상대,noun,657
357,5,부딪히다,verb,1093
357,12,가까이,adverb,940
357,2,참고,noun,1085
357,2,무조건,adverb,1000
357,2,막,adverb,748
358,10,예,noun,371
359,11,외우다,verb,1071
359,3,짝,noun,988
360,2,정기,noun,1051
361,2,암기,noun,1168
362,4,과연,adverb,669
362,2,화살표,noun,1159
363,4,담당,noun,987
364,3,굵다,adjective,1010
364,11,해,noun,581
365,11,관계,noun,143
365,7,공식,noun,876
365,5,복잡,noun,1163
366,4,학년,noun,509
366,3,하루,noun,398
366,16,모두,noun,641
366,7,불리다,verb,762
366,4,운동장,noun,1020
367,20,늘,adverb,580
369,6,의도,noun,925
369,13,같이,adverb,203
369,3,꽂다,verb,1050
369,5,상관,noun,1066
369,11,매일,adverb,876
370,3,포기,noun,1117
371,9,튀다,verb,1051
373,2,들키다,verb,1128
376,3,단순히,adverb,937
377,5,감추다,verb,900
377,2,연기,noun,943
377,25,필요,noun,308
378,8,대화,noun,533
378,3,내용,noun,176
378,2,발휘,noun,1163
379,7,담기다,verb,913
380,13,설명,noun,767
380,3,자랑,noun,1088
380,5,진짜,noun,976
381,2,모범,noun,1105
383,9,식,dependent noun,576
383,16,고맙다,adjective,811
383,4,따로,adverb,891
383,9,물론,adverb,285
383,2,긍정,noun,1145
383,8,무엇,pronoun,128
383,2,해당,noun,1049
384,7,혹은,conjunction,568
386,3,부리다,verb,912
386,2,태도,noun,590
386,2,상식,noun,1045
387,14,제일,noun,656
388,6,장,dependent noun,787
388,6,인터넷,noun,635
388,4,오,exclamation,1107
388,4,한자,noun,1012
388,13,욕,noun,1026
388,2,희,noun,1170
390,6,꼴,noun,920
391,5,법,dependent noun,818
391,2,타박,noun,1166
393,5,곳곳,noun,1006
393,8,건네다,verb,1036
394,5,신발,noun,998
394,2,신,noun,710
394,2,고문,noun,1083
395,4,굽다,verb,1049
395,7,잠들다,verb,974
395,4,침대,noun,825
396,4,화장실,noun,878
396,6,분노,noun,994
396,2,한꺼번에,adverb,994
397,8,종이,noun,850
397,3,습기,noun,1108
399,2,이르다,verb,307
400,3,희로애락,noun,1156
401,2,제시,noun,1120
402,7,맛있다,adjective,979
402,8,음식,noun,597
403,4,정답,noun,1009
403,4,감사,noun,1019
407,3,맛없다,adjective,1162
408,2,의외,noun,1111
408,4,내놓다,verb,741
409,10,고민,noun,897
410,2,형편없다,adjective,1145
410,4,식당,noun,929
410,2,기뻐하다,verb,1084
411,2,핀잔,noun,1144
412,5,기본,noun,589
413,10,꼭,adverb,405
414,7,정상,noun,968
415,7,아무,article,627
416,2,영향,noun,478
416,9,미치다,verb,684
416,3,미세,noun,1149
417,2,대강,adverb,1137
417,5,덕,noun,1057
417,11,지내다,verb,538
417,8,노력,noun,522
417,4,차츰,adverb,1078
417,5,습관,noun,967
418,12,섞이다,verb,1008
418,3,소망,noun,1043
418,2,넘어가다,verb,864
418,3,적당히,adverb,1092
418,2,셈,dependent noun,685
419,15,대부분,noun,363
419,5,충분,noun,1169
420,19,강하다,adjective,446
420,2,화내다,verb,1150
421,3,과,noun,1062
422,23,미안,noun,1160
422,6,달다,verb,946
423,4,곤란,noun,1142
423,5,넘기다,verb,814
424,17,쉽다,adjective,249
425,2,천,number,1168
425,8,이,number,1057
425,2,거스름돈,noun,1157
427,76,싶다,auxiliary verb,83
429,15,돈,noun,186
430,2,버겁다,adjective,1158
430,3,파도,noun,1020
430,3,억지로,adverb,1057
430,2,호수,noun,1064
431,14,전혀,adverb,403
433,5,약속,noun,808
433,4,툭,adverb,1102
434,19,묻다,verb,327
434,3,따지다,verb,803
435,8,쥐다,verb,878
435,3,불끈,adverb,1154
438,14,아주,adverb,301
439,10,인간,noun,96
442,2,몸부림,noun,1134
443,4,저렇다,adjective,1004
443,3,늘어놓다,verb,1051
444,9,편,dependent noun,709
445,17,밖,noun,267
446,2,솔직,noun,1171
446,7,상처,noun,901
447,4,쿵,adverb,1150
448,2,성격,noun,408
448,24,말다,verb,561
448,9,거의,adverb,283
448,3,생김새,noun,1128
448,3,취향,noun,1087
448,6,자두,noun,1152
449,3,훔치다,verb,1043
449,7,자,exclamation,629
449,11,시절,noun,491
450,2,배시시,adverb,1160
450,2,재빨리,adverb,1079
451,5,바늘,noun,1037
451,6,얼마나,adverb,331
453,2,단맛,noun,1149
453,4,동시,noun,485
453,10,사탕,noun,1138
454,4,반짝이다,verb,1074
454,5,줄,noun,828
456,5,베다,verb,1048
456,2,녹다,verb,1076
457,2,신기,noun,1168
458,3,품,noun,1056
460,16,인생,noun,525
461,17,삶,noun,226
461,7,연락,noun,1008
461,3,칠,number,1150
461,3,서로,adverb,294
461,37,살다,verb,69
463,6,자식,noun,563
463,3,젊음,noun,1090
464,4,다름없다,adjective,1063
464,3,오로지,adverb,1054
465,2,다행히,adverb,1064
465,6,딸,noun,612
465,5,공부,noun,493
466,2,놈팡이,noun,1165
466,3,좌판,noun,1143
466,6,장사,noun,1000
466,2,키우다,verb,805
466,2,액세서리,noun,1140
467,5,아마도,adverb,955
467,7,영원,noun,1151
468,2,서류,noun,1064
469,5,오히려,adverb,394
469,4,협박,noun,1114
469,4,반대,noun,780
470,8,정확히,adverb,980
470,7,현실,noun,306
470,5,달,dependent noun,540
471,6,정말로,adverb,1023
472,3,끊기다,verb,1052
475,2,술,noun,298
475,3,오토바이,noun,1140
475,3,취하다,verb,730
477,2,색색,noun,1160
478,3,더더욱,adverb,1129
479,12,돌아가다,verb,442
481,5,버티다,verb,991
481,2,도저히,adverb,984
482,4,감당,noun,1163
482,20,혼자,noun,378
484,5,평소,noun,822
484,10,시키다,verb,687
485,2,작아지다,verb,1135
485,2,출입구,noun,1146
485,7,숙이다,verb,979
487,2,훅,adverb,1159
487,2,끼치다,verb,991
487,5,들썩이다,verb,1160
488,3,떡,adverb,1162
489,7,누르다,verb,843
489,4,모자,noun,1025
489,2,보라색,noun,1148
489,8,꽂히다,verb,1093
489,6,머리카락,noun,1039
489,2,회색,noun,1103
490,2,동화책,noun,1157
491,14,그녀,pronoun,72
492,8,무척,adverb,895
492,11,크다,verb,1046
494,2,비유,noun,1130
495,2,심지어,adverb,911
496,3,두툼하다,adjective,1149
496,3,특히,adverb,192
496,23,힘,noun,216
497,5,팔짱,noun,1132
498,13,꺼내다,verb,592
498,2,명령,noun,970
501,3,모녀,noun,1154
501,2,프렌치프라이,noun,1171
501,3,조각,noun,1034
502,2,밤색,noun,1168
502,2,쟁반,noun,1136
502,2,플라스틱,noun,1086
502,3,묻히다,verb,1038
502,5,흩어지다,verb,1026
503,6,구두,noun,916
503,2,굳다,adjective,973
506,2,기울이다,verb,803
507,5,썩다,verb,1029
508,2,쩌렁쩌렁,adverb,1165
508,9,울리다,verb,862
508,9,외치다,verb,922
510,4,쳐다보다,verb,716
511,7,털어놓다,verb,1050
511,5,간,noun,1083
511,6,닥치다,verb,1065
512,4,간간이,adverb,1130
512,2,용,noun,1090
512,8,울음,noun,1044
513,2,윤기,noun,1139
513,13,팔,noun,831
513,6,풀리다,verb,961
513,8,어느새,adverb,939
515,7,지키다,verb,438
515,12,끝나다,verb,348
515,11,바꾸다,verb,419
517,4,벌리다,verb,1045
519,2,축,adverb,1144
519,4,눈꼬리,noun,1168
519,4,처지다,verb,1125
519,3,한껏,adverb,1084
520,3,귀엽다,adjective,1032
521,82,너,pronoun,86
523,7,셋,number,1059
523,9,생활,noun,185
524,4,파다,verb,989
524,4,직업,noun,669
524,7,헌,article,1127
524,6,고르다,verb,900
525,6,도움,noun,572
526,9,틈,noun,930
527,5,평생,noun,947
527,2,떡,noun,998
527,12,팔다,verb,603
529,11,깨다,verb,958
529,7,끔찍하다,adjective,1120
531,5,틀리다,verb,963
534,4,이사,noun,1015
536,3,동경,noun,1147
537,8,원하다,verb,647
538,19,바라다,verb,474
538,9,작가,noun,471
539,16,늙다,verb,881
539,2,결혼,noun,549
540,5,기회,noun,513
540,3,되돌리다,verb,1112
542,3,똑똑하다,adjective,1088
542,3,무식,noun,1169
542,3,빠지다,verb,557
544,2,툴툴거리다,verb,1170
545,11,헌책방,noun,1160
547,3,결정,noun,570
548,4,품다,verb,985
548,3,오랫동안,noun,918
549,4,한때,noun,921
550,6,글,noun,291
553,2,배다,adjective,1171
553,23,냄새,noun,730
554,4,이왕이면,adverb,1153
557,2,유리,noun,948
559,2,싸다,adjective,1017
559,2,사들이다,verb,1108
559,3,값,noun,703
561,8,방,noun,262
561,2,욕조,noun,1156
563,11,자다,verb,475
564,21,책방,noun,1147
564,3,유리창,noun,1039
564,5,간판,noun,1045
564,10,붙다,verb,661
565,3,전날,noun,1069
565,4,탁탁,adverb,1151
569,28,자주,adverb,680
569,8,중얼거리다,verb,971
569,8,만큼,dependent noun,423
569,3,희한하다,adjective,1134
570,6,그곳,pronoun,607
570,3,편안,noun,1171
571,8,맘,noun,1064
572,7,익숙하다,adjective,977
573,7,맡다,verb,559
574,7,펼치다,verb,834
574,8,놓다,verb,413
576,2,고백,noun,1104
577,5,비밀,noun,881
577,2,꾹꾹,adverb,1156
578,6,애초,noun,1057
579,4,구체,noun,1162
579,2,끼어들다,verb,1078
579,10,세계,noun,121
580,13,대로,dependent noun,540
580,4,그려지다,verb,1059
580,2,영상,noun,889
581,7,피부,noun,936
581,4,정하다,verb,604
581,2,쿠션,noun,1164
581,2,노랗다,adjective,1033
581,4,전부,adverb,1016
581,3,갈색,noun,1088
581,2,꼬다,verb,1135
582,13,변화,noun,278
584,6,공간,noun,507
584,6,비다,auxiliary verb,1169
586,2,적다,verb,886
587,8,상관없다,adjective,1084
588,6,페이지,noun,1123
588,6,성공,noun,935
590,3,꿀,noun,1120
590,2,죄,noun,792
592,3,따라가다,verb,972
593,3,좇다,verb,1125
594,8,씹다,verb,1078
595,3,충분히,adverb,823
599,13,계속,adverb,342
600,2,되뇌다,verb,1154
601,2,넘어서다,verb,932
602,7,아무런,article,713
603,3,헤아리다,verb,1017
603,10,느낌,noun,433
604,4,놀이,noun,710
604,5,소개,noun,1079
607,2,발전,noun,388
615,5,사,noun,1067
628,2,백지,noun,1153
629,2,되풀이,noun,1157
629,9,봄,noun,725
629,8,겨울,noun,712
629,17,돌아오다,verb,434
629,9,계절,noun,941
630,2,땅거미,noun,1162
630,7,저런,article,1066
630,2,깔깔대다,verb,1156
630,3,어김없이,adverb,1105
631,2,장단,noun,1110
631,2,들이켜다,verb,1104
631,2,물들이다,verb,1129
634,4,인기,noun,681
635,3,연애,noun,1092
636,24,자기,pronoun,107
637,2,삐죽,adverb,1168
637,3,확인,noun,1034
638,6,궁금,noun,1167
639,4,일정,noun,992
640,2,접근,noun,981
641,11,원,noun,1093
642,4,지니다,verb,457
643,4,동그랗다,adjective,1124
644,3,허리,noun,924
644,2,뱀파이어,noun,1170
644,3,연상,noun,1140
645,7,이따금,adverb,1060
646,2,옷차림,noun,1098
647,6,자라다,verb,708
651,4,양,noun,902
651,4,몸집,noun,1115
652,2,괴다,verb,1146
653,4,소년,noun,759
653,14,할머니,noun,808
657,9,발견,noun,1062
660,4,주름,noun,1099
660,7,머리칼,noun,1115
661,2,파이다,verb,1148
661,3,언제,adverb,776
664,2,방긋,adverb,1169
668,4,웬일,noun,1076
668,3,웃음기,noun,1148
674,2,음,noun,1031
674,2,시다,adjective,1148
674,7,먼지,noun,973
675,12,여름,noun,671
675,2,옥수수,noun,1104
677,2,고속,noun,1077
677,3,역,noun,985
677,3,터미널,noun,1117
678,4,오가다,verb,1031
678,4,입구,noun,959
679,8,유일,noun,1146
680,2,혼,noun,1086
680,7,빼다,verb,818
681,2,줄지다,verb,1167
681,3,화려,noun,1170
681,8,가득,adverb,786
683,2,가짜,noun,1087
683,3,나무,noun,496
683,2,크리스마스트리,noun,1167
684,3,떡볶이,noun,1157
684,10,얻다,verb,270
687,8,닫다,verb,953
687,3,크리스마스,noun,1147
688,5,성인,noun,1050
688,4,분명,adverb,1008
689,3,겹치다,verb,1040
689,3,골다,verb,1125
690,4,크리스마스이브,noun,1167
692,9,생일,noun,1053
693,13,밥,noun,670
695,3,춥다,adjective,986
696,2,파고들다,verb,1078
697,3,코트,noun,1136
697,2,여미다,verb,1147
697,5,축하,noun,1105
698,3,택하다,adjective,1171
699,3,시내,noun,970
699,2,인파,noun,1145
700,6,점,noun,113
700,4,버스,noun,791
701,5,막히다,verb,865
701,5,흘러나오다,verb,1042
701,2,내일,noun,820
701,2,라디오,noun,978
701,17,십,number,1162
701,3,끝없이,adverb,1089
703,7,쌓이다,verb,870
703,7,쏟아지다,verb,861
703,8,삼키다,verb,1032
703,3,도시,noun,436
704,3,잿빛,noun,1149
705,4,사정,noun,791
706,5,창밖,noun,1020
706,2,내다보다,verb,1018
707,9,냉면,noun,1156
709,27,거기,pronoun,310
711,2,육수,noun,1166
711,2,추가,noun,991
712,6,마주,adverb,973
713,12,떠올리다,verb,900
715,2,하염없이,adverb,1147
717,2,엄청나다,adjective,725
717,2,눈송이,noun,1166
718,4,어린아이,noun,1048
719,4,오랜,article,886
719,5,안쪽,noun,1077
720,3,물기,noun,1090
720,6,올라오다,verb,851
720,2,바지,noun,992
721,5,커피,noun,587
722,2,면발,noun,1171
722,6,이,pronoun,30
724,10,가볍다,adjective,778
724,3,알아채다,verb,1152
725,4,그릇,noun,982
725,3,비우다,verb,1014
726,2,돋다,verb,1131
726,5,분위기,noun,448
726,3,때로,adverb,850
728,3,시종일관,adverb,1169
736,2,식상,noun,1170
738,2,행선지,noun,1156
738,6,일어서다,verb,931
739,5,카운터,noun,1148
739,17,놓이다,verb,691
739,3,계산,noun,939
739,3,바구니,noun,1136
740,2,껍질,noun,1043
741,6,종업원,noun,1069
742,3,바깥,noun,1016
743,2,그리,adverb,905
744,4,창,noun,1008
744,6,보내다,verb,266
746,2,넘치다,verb,964
746,3,선물,noun,937
749,2,움켜쥐다,verb,1113
750,4,머뭇거리다,verb,1107
750,4,이내,adverb,1042
752,3,합창단,noun,1155
752,8,거리,noun,697
753,2,캐럴,noun,1170
753,2,두르다,verb,1089
755,2,왕,noun,860
756,6,양쪽,noun,1006
756,3,주머니,noun,968
756,2,감촉,noun,1150
757,4,함성,noun,1143
757,2,내지르다,verb,1138
758,2,잦아들다,verb,1143
759,3,갈라지다,verb,1067
761,4,급히,adverb,1072
761,6,가리다,verb,985
762,3,유리문,noun,1139
763,2,어슬렁거리다,verb,1155
764,7,달리,adverb,602
765,2,몸짓,noun,1093
765,2,휘두르다,verb,1060
769,7,틀다,verb,1001
771,2,광경,noun,1077
771,6,펼쳐지다,verb,1171
773,8,세,article,313
776,8,땅,noun,369
777,8,막다,verb,579
777,2,쾅쾅,adverb,1164
777,4,두드리다,verb,1007
787,7,나서다,verb,383
788,8,멀리,adverb,813
788,2,저,exclamation,731
788,4,얼다,verb,1088
789,2,벌이다,verb,546
789,2,꼼짝,adverb,1101
789,3,않다,verb,1010
789,5,마치,adverb,460
793,4,바,dependent noun,429
794,2,당하다,adjective,1163
794,4,졸업,noun,1028
794,2,경기,noun,671
794,2,구조,noun,273
794,4,제,article,1120
794,2,갑작스럽다,adjective,1104
795,2,차리다,verb,885
796,4,와중,noun,1112
796,9,떠나다,verb,361
798,2,들르다,verb,1011
798,2,슈퍼,noun,1113
798,3,어쩌다,adverb,1093
798,6,물건,noun,686
801,5,듯이,dependent noun,720
801,3,초라하다,adjective,1094
802,2,오늘,adverb,445
803,2,흔적,noun,1007
804,6,즐겁다,adjective,872
804,3,기록,noun,634
804,2,암시,noun,1081
805,2,대중,noun,642
805,7,관심,noun,286
805,3,자체,noun,322
806,2,그다지,adverb,1031
806,3,중년,noun,1010
807,2,여론,noun,864
808,4,중요,noun,1109
809,3,얼마간,noun,1137
809,2,기사,noun,849
809,2,표제,noun,1168
809,4,뉴스,noun,524
810,5,오르다,verb,336
810,11,꺼지다,verb,1062
812,2,살아남다,verb,1056
813,6,깨어나다,verb,1031
814,5,장례식,noun,1150
814,2,합동,noun,1107
817,7,절,noun,930
817,2,유족,noun,1131
818,12,복도,noun,969
820,2,터득,noun,1170
821,16,마주치다,verb,1009
823,8,인사,noun,866
824,2,수군대다,verb,1167
824,3,장례,noun,1142
824,3,두다,verb,240
824,7,내내,adverb,982
824,2,사흘,noun,1039
824,6,간,dependent noun,270
824,11,들려오다,verb,836
825,4,다양,noun,1166
826,5,충격,noun,868
826,2,저러다,verb,1138
827,2,외로움,noun,1096
828,5,그러나,conjunction,37
828,3,떠다니다,verb,1146
829,6,우습다,adjective,1022
832,3,거울,noun,959
832,11,죽이다,verb,749
835,2,꼬리,noun,1002
835,2,수만,number,1165
837,3,상담,noun,966
837,2,마음속,noun,935
837,3,심리,noun,967
840,3,몇몇,number,1146
841,2,하긴,conjunction,1029
845,17,그만두다,verb,958
847,3,영혼,noun,935
847,2,육신,noun,1104
851,2,일곱,number,1163
853,2,무수,noun,1163
855,5,달,noun,697
855,2,전구,noun,1148
859,4,실,noun,1123
859,2,인,noun,964
860,5,햇살,noun,998
861,2,가망,noun,1153
863,2,갈다,verb,1093
863,3,간호사,noun,1100
864,3,뒤집다,verb,1062
864,7,생기다,verb,257
865,2,짐,noun,937
865,2,취급,noun,1120
866,8,달다,auxiliary verb,657
868,7,조금,noun,580
868,4,병,noun,676
869,2,보험금,noun,1157
869,3,당장,noun,809
869,2,사망,noun,1080
870,5,언제,pronoun,837
872,2,주민,noun,598
872,4,직원,noun,750
872,2,센터,noun,1007
872,10,조용히,adverb,971
873,4,사회,noun,47
873,2,복지,noun,960
873,18,찾아오다,verb,715
874,8,시설,noun,565
874,2,어떠다,verb,1171
874,2,청소년,noun,732
875,4,보호,noun,828
875,2,소,noun,1001
880,4,숨소리,noun,1123
880,7,종일,noun,1027
881,4,가르치다,verb,658
884,5,조언,noun,1136
886,3,힌트,noun,1168
889,5,휴대폰,noun,1144
889,3,하릴없이,adverb,1157
889,6,뒤지다,verb,1065
890,3,띄다,verb,968
892,4,안녕,exclamation,1152
892,2,전송,noun,1085
895,4,정적,noun,1126
897,2,버튼,noun,1125
897,4,기준,noun,499
897,2,자르다,verb,932
897,2,말꼬리,noun,1154
900,4,끄다,verb,976
900,2,작별,noun,1147
904,5,책장,noun,1152
905,3,손님,noun,796
906,2,사이트,noun,970
907,3,가격,noun,626
907,3,중고,noun,1149
908,8,마디,dependent noun,1169
911,3,카드,noun,794
911,10,전부,noun,1021
911,2,어서,adverb,875
912,16,교실,noun,888
912,2,독서,noun,1083
912,2,어린이,noun,449
913,12,나누다,verb,289
914,3,아르바이트,noun,1121
914,2,방학,noun,1003
919,3,농담,noun,1048
922,2,언성,noun,1153
923,16,그럼,conjunction,451
925,3,찔리다,verb,1138
931,2,긋다,verb,1061
932,6,얼른,adverb,885
936,4,붉어지다,verb,1140
938,3,실수,noun,956
942,2,참견,noun,1164
947,2,웬만하다,adjective,1102
950,4,재미있다,adjective,716
951,4,찾아내다,verb,950
951,4,손바닥,noun,1026
953,5,사감,noun,1167
954,5,번갈다,verb,1100
954,9,학생,noun,248
954,2,밤중,noun,1124
954,5,남녀,noun,803
955,3,여학생,noun,940
956,5,비웃다,verb,1099
956,3,불쌍,noun,1171
957,2,위배,noun,1169
959,3,대응,noun,968
960,3,벗어나다,verb,568
961,4,당황,noun,1155
962,2,거듭,adverb,1082
963,3,적절하다,adjective,931
973,4,어둡다,adjective,766
977,2,메시지,noun,1031
977,6,층,noun,599
979,3,빵집,noun,1167
981,15,빵,noun,1031
981,2,허름하다,adjective,1134
983,5,짐작,noun,1094
984,5,그나마,adverb,1011
984,2,우유,noun,1039
984,5,오후,noun,520
986,3,덕분,noun,1008
989,55,심,noun,1159
989,80,박사,noun,618
989,4,사장,noun,536
993,10,지금,noun,139
994,8,권,dependent noun,867
996,6,초반,noun,1072
1002,2,둘러보다,verb,985
1005,2,반죽,noun,1160
1005,5,가운데,noun,263
1011,11,하다,auxiliary verb,9
1013,4,유감,noun,1149
1014,4,돕다,verb,785
1016,6,글쎄,exclamation,942
1017,11,부탁,noun,1028
1018,8,테이블,noun,982
1018,2,딱딱,adverb,1157
1021,2,빙그레,adverb,1140
1021,8,안경,noun,994
1024,2,대왕,noun,1134
1024,2,비키다,verb,1106
1025,6,전,article,615
1025,23,선생,noun,486
1026,2,너털웃음,noun,1162
1032,16,지금,adverb,154
1033,3,지속,noun,1127
1037,2,혹시나,adverb,1141
1044,2,슬퍼하다,verb,1137
1046,2,슬프다,adjective,951
1052,3,터뜨리다,verb,991
1053,3,유머,noun,1134
1062,2,대충,adverb,1037
1064,2,예사,noun,1155
1066,8,놀라다,verb,476
1067,2,열심히,adverb,684
1067,3,최선,noun,1002
1069,3,혹시,adverb,843
1070,3,가늘다,adjective,1040
1077,2,일상,noun,1004
1078,4,검색,noun,1137
1078,2,도서,noun,1079
1078,2,늘리다,verb,930
1081,2,액자,noun,1140
1083,6,여행,noun,695
1084,3,결코,adverb,632
1089,2,힘내다,verb,1163
1094,5,곁,noun,885
1098,2,결심,noun,1088
1099,7,기운,noun,999
1099,2,매섭다,adjective,1142
1100,3,중학교,noun,910
1100,5,얇다,adjective,1078
1101,10,월,dependent noun,1161
1101,2,연일,noun,1131
1103,2,중학생,noun,1105
1104,2,고등학생,noun,1111
1106,9,달라지다,verb,727
1107,3,고등학교,noun,823
1107,4,새로,adverb,780
1108,3,특별히,adverb,1002
1109,3,입학식,noun,1156
1110,3,구경,noun,1053
1110,2,멀찌감치,adverb,1164
1111,2,색,noun,904
1111,3,꾸미다,verb,946
1111,3,전체,noun,391
1111,3,최근,noun,265
1112,2,교복,noun,1103
1113,4,학기,noun,1067
1113,25,담임,noun,1077
1114,2,올해,noun,438
1117,3,캐다,verb,1112
1117,4,헛기침,noun,1148
1117,3,햄,noun,1161
1119,2,경쾌,noun,1171
1120,5,힘들다,adjective,420
1126,7,살짝,adverb,1074
1127,2,종례,noun,1166
1130,4,소질,noun,1139
1131,9,초,dependent noun,723
1131,6,중간,noun,888
1136,8,박수,noun,1031
1140,3,높이,adverb,990
1141,2,유도,noun,1125
1143,2,둥,dependent noun,1101
1143,2,시늉,noun,1092
1145,3,사그라들다,verb,1163
1146,4,이다,verb,1131
1146,2,수십,number,1171
1148,3,신경,noun,506
1151,4,살인,noun,1032
1151,3,완성,noun,1100
1151,2,심심찮다,adjective,1149
1154,4,급식,noun,1142
1155,11,수업,noun,843
1157,4,점심,noun,1008
1158,2,일렁이다,verb,1153
1159,7,나뭇가지,noun,1117
1159,6,창문,noun,915
1162,2,햇볕,noun,1070
1162,12,꽃,noun,616
1164,4,야,exclamation,677
1167,2,생겨나다,verb,959
1171,2,호오,noun,1171
1179,3,너희,pronoun,760
1187,5,금세,adverb,1117
1187,5,분,dependent noun,335
1188,6,유명,noun,1091
1188,2,일반,noun,561
1189,3,바다,noun,511
1192,13,평범,noun,1167
1196,3,깜짝,adverb,1026
1197,9,곧,adverb,1163
1200,2,지도,noun,933
1202,2,희생양,noun,1167
1205,2,기색,noun,1118
1205,2,망설이다,verb,1032
1205,2,짓궂다,adjective,1147
1207,4,교사,noun,783
1208,14,전화,noun,304
1208,2,학부모,noun,1061
1208,3,어수선하다,adjective,1129
1210,5,저녁,noun,606
1210,2,짜장면,noun,1171
1212,3,빙빙,adverb,1150
1212,2,적합,noun,1170
1229,2,가정,noun,575
1229,2,그럭저럭,adverb,1145
1232,5,부모,noun,583
1235,4,가치,noun,302
1235,4,이루다,verb,288
1240,2,더욱,adverb,295
1241,6,타고나다,verb,1091
1250,5,이거,pronoun,252
1253,4,들다,auxiliary verb,1049
1254,6,연습,noun,1022
1259,2,말씀,noun,528
1273,4,피다,verb,928
1273,5,마르다,verb,947
1275,4,거칠다,adjective,975
1276,2,로션,noun,1168
1277,9,병실,noun,1131
1281,3,은빛,noun,1138
1282,2,차려입다,verb,1155
1283,3,밝다,adjective,726
1285,6,흔들리다,verb,943
1285,3,심하다,adjective,591
1285,3,좌우,noun,1078
1286,6,예감,noun,1094
1287,10,어울리다,verb,709
1290,5,경험,noun,507
1293,2,과일,noun,999
1296,5,돌아보다,verb,867
1300,10,서가,noun,1163
1301,6,실리다,verb,889
1301,5,걸음,noun,887
1301,2,무게,noun,1008
1302,2,문학,noun,275
1302,2,코너,noun,1071
1303,8,왠지,adverb,1059
1308,4,뒤적이다,verb,1139
1312,3,제목,noun,889
1320,15,며칠,noun,817
1330,2,보호자,noun,1143
1332,2,특이,noun,1166
1343,27,아내,noun,355
1346,9,등,noun,693
1347,3,호흡,noun,829
1351,3,심호흡,noun,1145
1358,3,바퀴,dependent noun,1119
1360,3,잃어버리다,verb,996
1362,4,소용없다,adjective,1130
1363,2,다녀오다,verb,988
1363,43,교수,noun,290
1364,2,훌륭하다,adjective,843
1367,3,병들다,verb,1110
1377,4,꿈꾸다,verb,984
1383,4,저,pronoun,56
1386,2,아동,noun,1074
1387,3,가량,noun,1170
1396,6,제발,adverb,1033
1400,2,한,noun,764
1400,6,그거,pronoun,111
1401,3,고이다,verb,1103
1411,5,빛나다,verb,960
1411,3,키다,verb,1171
1411,6,따뜻,noun,1170
1415,2,지끈거리다,verb,1170
1416,2,벽지,noun,1150
1417,2,허용,noun,1081
1417,5,들이다,verb,936
1419,5,벌써,adverb,644
1420,2,환자,noun,626
1421,2,그늘,noun,1027
1421,3,내려앉다,verb,1092
1421,3,지우다,verb,992
1429,2,이제야,adverb,1114
1432,2,가루,noun,1058
1443,5,쏟다,verb,937
1445,7,미리,adverb,845
1449,3,감기다,verb,1146
1452,2,팔,number,1142
1452,3,앙상,noun,1171
1454,9,심장,noun,908
1455,7,몹시,adverb,920
1456,2,힘없이,adverb,1118
1458,2,기자,noun,206
1460,2,다만,conjunction,659
1462,2,회전목마,noun,1170
1462,2,빙글빙글,adverb,1157
1466,3,통화,noun,1003
1470,2,행방,noun,1139
1471,2,부부,noun,688
1471,2,갖다,auxiliary verb,1051
1474,2,서서히,adverb,991
1475,2,책임,noun,588
1476,2,오래다,adjective,1137
1477,37,윤,noun,1160
1478,4,방문,noun,959
1480,2,왜냐하면,conjunction,866
1483,7,조용하다,adjective,998
1483,5,죽음,noun,559
1486,2,후자,noun,1061
1492,4,영정,noun,1158
1495,6,말투,noun,1068
1496,5,서로,noun,809
1497,8,딴,article,994
1498,4,볼,noun,1100
1498,2,살,noun,984
1502,9,버리다,auxiliary verb,124
1504,4,저,article,417
1511,2,서늘하다,adjective,1104
1513,2,습격,noun,1151
1513,2,일제히,adverb,1096
1521,7,운동,noun,163
1522,2,다큐멘터리,noun,1134
1523,2,구걸,noun,1166
1523,2,따라다니다,verb,1113
1525,2,짙다,adjective,952
1525,2,새까맣다,adjective,1138
1527,27,새끼,noun,852
1527,2,맹수,noun,1161
1528,3,퉤,adverb,1166
1534,9,곤,noun,1167
1536,2,쭈뼛거리다,verb,1165
1536,2,양,dependent noun,911
1536,10,전학,noun,1154
1537,2,슬쩍,adverb,1111
1544,2,불룩,adverb,1163
1545,8,씩,adverb,1124
1548,2,거칠다,verb,565
1549,2,따라오다,verb,1074
1549,3,교무실,noun,1108
1550,5,말없이,adverb,1032
1552,4,마치다,verb,745
1553,2,신상,noun,1147
1555,4,사촌,noun,1130
1555,2,정보,noun,261
1556,6,소년원,noun,1164
1558,2,요구,noun,720
1562,2,완전,noun,1031
1564,5,장난,noun,1072
1565,15,병신,noun,1128
1567,2,시대,noun,131
1570,4,눈길,noun,837
1570,12,척,dependent noun,1082
1570,3,괜히,adverb,1026
1576,2,진동,noun,1127
1590,5,착각,noun,1082
1594,3,건성,noun,1148
1594,3,벌떡,adverb,1030
1596,2,손길,noun,1086
1596,2,밀치다,verb,1113
1597,2,상,noun,968
1600,2,고프다,adjective,1114
1601,2,잊어버리다,verb,1015
1603,4,공중,noun,1075
1604,2,이틀,noun,975
1604,2,사고,noun,763
1604,4,어지럽다,adjective,1074
1605,2,묵묵히,adverb,1099
1605,2,등지다,verb,1130
1611,2,노릇,noun,968
1614,2,골치,noun,1125
1619,2,말라깽이,noun,1169
1620,5,친하다,adjective,998
1621,8,목적,noun,488
1621,2,모종,noun,1151
1621,2,뭉치다,verb,1111
1622,2,취미,noun,1070
1622,3,삼다,verb,558
1622,3,괴롭히다,verb,1067
1623,5,튀어나오다,verb,1048
1623,2,상자,noun,1070
1624,2,매점,noun,1156
1624,2,넘어뜨리다,verb,1154
1625,2,계획,noun,317
1625,3,대단하다,adjective,965
1625,2,눈치,noun,813
1629,2,요청,noun,1026
1629,4,힘들다,verb,1157
1631,2,뻔하다,auxiliary verb,1069
1633,6,당하다,verb,571
1633,2,일그러지다,verb,1117
1634,3,빌다,verb,1033
1637,3,이기다,verb,788
1640,2,당당하다,adjective,1056
1640,4,건드리다,verb,1074
1643,7,속삭이다,verb,1109
1645,2,제풀에,adverb,1164
1646,2,칠판,noun,1143
1649,4,소각장,noun,1170
1651,4,분명히,adverb,789
1651,2,예고,noun,1135
1654,2,귀찮다,adjective,1050
1656,2,가방,noun,822
1658,2,알아듣다,verb,1039
1666,2,욕설,noun,1113
1667,16,짓,noun,849
1668,2,전교,noun,1155
1669,5,아침,noun,412
1669,2,교정,noun,1133
1675,2,교시,dependent noun,1152
1678,5,멀리서,adverb,1171
1685,3,툭툭,adverb,1130
1689,7,화,noun,885
1691,3,쫄다,verb,1171
1694,2,간격,noun,1074
1696,4,엎드리다,verb,1053
1697,5,스치다,verb,992
1700,2,기울다,verb,1096
1702,2,발길질,noun,1156
1702,2,규칙,noun,955
1703,4,횟수,noun,1128
1703,2,강도,noun,1075
1704,2,신음,noun,1095
1707,6,대체,adverb,1054
1712,3,또렷하다,adjective,1147
1717,3,캔,noun,1109
1718,2,도망치다,verb,1068
1719,2,낯익다,adjective,1111
1750,3,노부부,noun,1155
1753,2,자취,noun,1115
1754,2,조사,noun,420
1757,2,환경,noun,373
1759,3,스스로,adverb,551
1766,2,정학,noun,1171
1770,3,푹,adverb,1088
1771,11,피자,noun,1154
1774,2,매질,noun,1142
1776,2,어색,noun,1170
1776,2,이미지,noun,776
1780,6,견디다,verb,809
1781,3,그토록,adverb,1043
1782,12,사과,noun,1060
1784,6,방식,noun,402
1786,3,정면,noun,1057
1786,8,떨리다,verb,986
1789,6,콜라,noun,1118
1789,2,빨대,noun,1167
1790,3,도무지,adverb,1050
1792,3,딱딱하다,adjective,1091
1797,4,치켜뜨다,verb,1163
1801,3,피식,adverb,1120
1801,2,코웃음,noun,1152
1809,5,무겁다,adjective,855
1812,2,불어넣다,verb,1108
1814,2,제외,noun,1154
1815,7,통,noun,1067
1815,2,창틀,noun,1149
1815,5,후추,noun,1166
1818,3,멍,noun,1152
1829,3,덮다,verb,964
1829,3,새다,verb,1039
1831,2,생각나다,verb,956
1832,3,확,adverb,1069
1832,2,동공,noun,1153
1840,2,낚아채다,verb,1141
1843,4,난장판,noun,1160
1847,2,끌어당기다,verb,1105
1851,2,캭,adverb,1170
1855,3,쏘다,verb,1000
1860,2,씰룩이다,verb,1170
1861,3,괴상,noun,1171
1868,6,그만하다,adjective,1111
1881,4,고치다,verb,775
1884,4,접시,noun,1077
1884,2,엎다,verb,1151
1886,2,개자식,noun,1148
1886,2,깨지다,verb,1035
1890,4,똑똑히,adverb,1142
1894,3,좆,noun,1153
1894,2,관두다,verb,1146
1896,3,쓸다,verb,1091
1901,2,실컷,adverb,1125
1902,2,소스,noun,1146
1903,3,발치,noun,1154
1908,2,이러다,verb,814
1912,4,빠져나가다,verb,1002
1917,3,통하다,verb,88
1919,4,잡히다,verb,833
1921,2,재미없다,adjective,1119
1923,2,우동,noun,1163
1925,3,소변,noun,1121
1931,3,걸어오다,verb,1068
1941,5,직전,noun,1008
1951,2,선고,noun,1135
1951,2,사형,noun,1136
1952,3,결백,noun,1164
1955,3,영영,adverb,1137
1957,2,자백,noun,1157
1963,4,면,noun,483
1964,2,폭력,noun,812
1967,3,재단,noun,1069
1969,11,날개,noun,1016
1971,2,주,noun,985
1972,2,분류,noun,1033
1976,2,손짓,noun,1125
1995,4,인정,noun,1087
1999,3,호기심,noun,982
1999,2,환영,noun,1139
2000,2,반갑다,adjective,993
2024,2,오다,auxiliary verb,78
2026,4,투명,noun,1155
2028,2,가라앉다,verb,1033
2031,2,전기,noun,928
2031,2,오류,noun,1055
2031,2,신호,noun,971
2032,2,맥박,noun,1154
2033,3,붙잡다,verb,1064
2034,2,멎다,verb,1115
2039,3,돌이키다,verb,1090
2043,2,고소,noun,1119
2046,2,따끈하다,adjective,1166
2061,2,인기척,noun,1150
2062,2,얼핏,adverb,1061
2063,2,턱,adverb,1166
2063,8,잡지,noun,929
2064,2,가죽,noun,1059
2065,2,젖히다,verb,1110
2067,2,골동품,noun,1154
2072,2,떨어뜨리다,verb,1025
2072,4,섞다,verb,987
2074,4,턱,noun,1057
2074,2,팔꿈치,noun,1144
2075,5,로봇,noun,1078
2078,3,킁킁,adverb,1170
2078,3,두어,article,1088
2080,3,망하다,verb,1069
2083,6,어쩐지,adverb,1072
2085,3,쓸데없이,adverb,1153
2088,2,불길,noun,1120
2088,3,일다,verb,963
2089,3,드리다,verb,797
2100,5,음,exclamation,710
2104,2,덥다,adjective,1047
2110,3,아마,adverb,735
2115,5,으쓱,adverb,1170
2127,2,홱,adverb,1151
2153,5,되게,adverb,990
2160,2,방울,noun,1113
2166,3,다,noun,1133
2170,6,그동안,noun,501
2177,3,주제,noun,597
2178,2,하,exclamation,1139
2181,3,문밖,noun,1118
2183,2,닫히다,verb,1037
2184,2,작자,noun,1116
2190,5,탁,adverb,1089
2191,2,줄기,noun,1003
2191,2,밀리다,verb,1075
2192,3,옅다,adjective,1148
2194,3,떠돌다,verb,1083
2201,2,화제,noun,868
2212,2,내려놓다,verb,999
2217,2,의지,noun,772
2218,9,녀석,dependent noun,709
2220,4,휙,adverb,1123
2220,2,음료,noun,1055
2223,2,규정,noun,954
2223,2,환불,noun,1166
2226,2,흥,exclamation,1123
2228,3,놔두다,verb,1106
2229,2,빌리다,verb,923
2230,14,고전,noun,1072
2233,3,포함,noun,1107
2239,3,평가,noun,718
2240,2,강조,noun,1126
2240,5,자연,noun,395
2240,2,매번,adverb,1126
2248,5,진정,noun,1119
2249,5,추천,noun,1117
2254,2,은밀하다,adjective,1122
2258,2,껴안다,verb,1113
2265,2,대견하다,adjective,1157
2267,8,진심,noun,1101
2268,2,지랄,noun,1149
2271,2,근질거리다,verb,1169
2279,2,조심,noun,1149
2281,3,펜,noun,1129
2288,2,수완,noun,1159
2291,3,증거,noun,932
2294,4,기술,noun,221
2295,3,머신,noun,1165
2305,2,멋지다,adjective,1017
2312,4,철,noun,1068
2312,2,직거래,noun,1153
2314,2,후반,noun,968
2315,2,묶이다,verb,1086
2315,2,노끈,noun,1168
2316,2,지하철,noun,1039
2318,4,벗다,verb,781
2320,3,척하다,auxiliary verb,1052
2326,2,경로,noun,1110
2330,3,핑계,noun,1102
2333,2,돌려주다,verb,1104
2335,7,부드럽다,adjective,863
2338,3,옛날,noun,646
2343,2,미처,adverb,1056
2343,5,찢다,verb,1103
2353,3,정점,noun,1138
2359,2,채우다,verb,870
2359,2,오,number,1096
2364,7,차라리,adverb,922
2379,2,요새,adverb,1171
2385,3,운명,noun,888
2387,6,단순,noun,1097
2387,3,재수,noun,1109
2425,2,말문,noun,1131
2432,3,언젠가,adverb,995
2437,3,살아오다,verb,937
2444,4,아름답다,adjective,366
2457,3,가지,noun,1041
2465,2,매출,noun,1095
2465,3,방과,noun,1157
2469,2,우르르,adverb,1136
2472,2,두껍다,adjective,1083
2473,2,핏방울,noun,1165
2481,3,휴지,noun,1126
2485,2,바보,noun,1013
2489,2,맥,noun,1067
2489,2,고동치다,verb,1164
2504,2,놀리다,verb,1063
2507,4,죄책감,noun,1136
2507,2,입히다,verb,1052
2513,33,나비,noun,1072
2514,2,좁다,adjective,883
2525,2,몸통,noun,1138
2530,2,잡아당기다,verb,1112
2547,2,갖다,verb,148
2548,2,교과서,noun,1091
2553,8,제자리,noun,1093
2556,8,불편,noun,1065
2571,2,노리다,verb,1027
2574,2,필사,noun,1158
2587,2,낫다,adjective,867
2595,5,벌레,noun,1052
2595,6,고통,noun,645
2604,2,밟다,verb,957
2612,2,기,noun,848
2639,6,육,number,1125
2643,2,얼음,noun,1052
2650,2,계기,noun,765
2651,2,글쎄요,exclamation,1107
2654,3,놀랍다,adjective,936
2662,3,가만있다,verb,1132
2666,2,가시,noun,1113
2666,2,별거,noun,1142
2667,2,돌멩이,noun,1131
2670,2,굴러다니다,verb,1162
2678,2,뜸,noun,1129
2683,4,의자,noun,878
2685,4,진행,noun,939
2686,3,풀다,verb,519
2699,2,상하다,adjective,1171
2699,2,자존심,noun,1003
2713,2,정확,noun,1161
2732,2,누렇다,adjective,1103
2736,2,아버지,noun,156
2741,2,예의,noun,1075
2742,2,원래,noun,696
2747,2,국수,noun,1139
2748,4,요란,noun,1168
2748,2,실은,adverb,1072
2754,2,상징,noun,939
2763,2,꾸다,verb,1022
2768,2,하나하나,noun,1099
2770,3,짜다,verb,1037
2775,4,설계,noun,974
2775,4,새,article,440
2786,2,보드랍다,adjective,1160
2786,2,촉촉하다,adjective,1154
2826,3,입가,noun,1110
2842,2,풍선,noun,1141
2843,2,이어서,adverb,1104
2846,2,내려다보다,verb,971
2849,2,끈적하다,verb,1165
2860,4,약하다,adjective,846
2867,2,반대쪽,noun,1151
2869,2,맞잡다,verb,1160
2873,2,갈수록,adverb,1077
2878,4,아픔,noun,999
2883,4,나뭇잎,noun,1133
2885,2,무르익다,verb,1132
2888,4,가을,noun,700
2890,2,맴돌다,verb,1100
2891,2,수상,noun,1093
2892,2,부둥켜안다,verb,1151
2892,2,치마,noun,1088
2893,2,울먹이다,verb,1136
2893,2,달달,adverb,1165
2902,2,용서,noun,1095
2923,2,뚜껑,noun,1104
2940,3,맺다,verb,806
2940,2,꿀밤,noun,1160
2946,2,실없다,adjective,1154
2963,4,아파하다,verb,1137
2964,39,철사,noun,1151
2998,3,안경알,noun,1169
2998,2,반사,noun,1124
2999,3,흙먼지,noun,1157
3005,2,찧다,verb,1134
3012,2,도톰하다,adjective,1160
3019,5,정신,noun,337
3022,2,야자,noun,1163
3026,4,상부,noun,1124
3027,3,그렇지만,conjunction,866
3032,2,운동회,noun,1155
3043,2,출발,noun,1022
3050,2,통과,noun,1124
3065,3,별자리,noun,1126
3073,2,무성,noun,1163
3075,2,아득하다,adjective,1093
3078,2,호의,noun,1160
3079,3,무덤,noun,999
3084,8,정리,noun,972
3084,2,줄이다,verb,770
3087,5,국어,noun,1039
3088,2,교감,noun,1136
3089,2,모의고사,noun,1168
3090,3,도서실,noun,1149
3090,3,기증,noun,1135
3093,2,코앞,noun,1136
3094,3,체육관,noun,1140
3101,2,넓다,adjective,610
3109,3,박스,noun,1108
3122,2,참고서,noun,1149
3150,2,자책,noun,1166
3162,3,웃기다,verb,1055
3169,2,부끄럽다,adjective,1006
3173,2,또라이,noun,1170
3182,2,뭔,article,1168
3184,2,행간,noun,1167
3187,2,맥락,noun,1039
3193,2,파악,noun,1111
3221,2,폐업,noun,1155
3227,2,푸,adverb,1164
3255,2,증발,noun,1153
3256,2,하도,adverb,1080
3276,3,낙엽,noun,1104
3291,5,시야,noun,1081
3311,2,따갑다,adjective,1115
3312,4,돌덩이,noun,1161
3328,4,기다,verb,1092
3334,2,새벽녘,noun,1151
3350,2,저리,adverb,1135
3359,2,헛돌다,verb,1162
3380,2,막상,adverb,1051
3381,2,바람결,noun,1157
3382,2,잡담,noun,1147
3391,2,센티,dependent noun,1146
3427,2,지진,noun,1150
3439,2,공룡,noun,1141
3467,2,물러서다,verb,1097
3487,3,당연,noun,1170
3513,2,선배,noun,825
3514,23,찐빵,noun,1170
3516,2,대나무,noun,1118
3534,4,저지르다,verb,950
3536,4,껌,noun,1106
3539,2,중반,noun,1036
3545,2,정체,noun,1108
3556,2,불씨,noun,1136
3591,2,이마,noun,956
3597,2,착하다,adjective,992
3625,3,수학여행,noun,1161
3634,2,회비,noun,1154
3635,2,검사,noun,894
3640,2,피시방,noun,1165
3642,2,여하튼,adverb,1134
3647,2,갚다,verb,1032
3659,2,가르다,verb,1088
3674,2,파란,noun,1163
3676,2,벌다,verb,868
3699,2,굽히다,verb,1097
3816,2,저지,noun,1154
3845,2,구르다,verb,1087
3860,2,증명,noun,1137
3921,2,둑,noun,1137
3937,2,끄트머리,noun,1161
3937,2,시장,noun,253
3938,3,신다,verb,984
3938,2,춤추다,verb,1082
3941,2,건들거리다,verb,1165
3975,2,어둠,noun,797
3981,2,철제문,noun,1167
3990,2,두세,article,1108
4000,2,막대,noun,1143
4001,2,빼내다,verb,1109
4015,2,끌어안다,verb,1088
4015,2,들이닥치다,verb,1144
4087,2,접히다,verb,1150
4128,2,수많다,adjective,824
4158,3,구슬,noun,1138
4219,2,친절,noun,1145
4284,2,화면,noun,793
4405,3,회복,noun,936
4410,2,시합,noun,1118
4492,2,마침표,noun,1165
